-- phpMyAdmin SQL Dump
-- version 5.2.0
-- https://www.phpmyadmin.net/
--
-- Máy chủ: 127.0.0.1
-- Thời gian đã tạo: Th10 19, 2023 lúc 04:49 PM
-- Phiên bản máy phục vụ: 10.4.27-MariaDB
-- Phiên bản PHP: 8.2.0

SET SQL_MODE = "NO_AUTO_VALUE_ON_ZERO";
START TRANSACTION;
SET time_zone = "+00:00";


/*!40101 SET @OLD_CHARACTER_SET_CLIENT=@@CHARACTER_SET_CLIENT */;
/*!40101 SET @OLD_CHARACTER_SET_RESULTS=@@CHARACTER_SET_RESULTS */;
/*!40101 SET @OLD_COLLATION_CONNECTION=@@COLLATION_CONNECTION */;
/*!40101 SET NAMES utf8mb4 */;

--
-- Cơ sở dữ liệu: `bookweb`
--

-- --------------------------------------------------------

--
-- Cấu trúc bảng cho bảng `admins`
--

CREATE TABLE `admins` (
  `id` bigint(20) UNSIGNED NOT NULL,
  `name` varchar(255) NOT NULL,
  `email` varchar(255) NOT NULL,
  `email_verified_at` timestamp NULL DEFAULT NULL,
  `password` varchar(255) NOT NULL,
  `remember_token` varchar(100) DEFAULT NULL,
  `created_at` timestamp NULL DEFAULT NULL,
  `updated_at` timestamp NULL DEFAULT NULL
) ENGINE=InnoDB DEFAULT CHARSET=utf8mb4 COLLATE=utf8mb4_unicode_ci;

--
-- Đang đổ dữ liệu cho bảng `admins`
--

INSERT INTO `admins` (`id`, `name`, `email`, `email_verified_at`, `password`, `remember_token`, `created_at`, `updated_at`) VALUES
(2, 'admin', 'admin@gmail.com', NULL, '$2y$10$T.ZmVu7S5GLpBmsemN3h0.No/tkisSXC3PrIpY68CivbKIWljvQcO', NULL, NULL, NULL);

-- --------------------------------------------------------

--
-- Cấu trúc bảng cho bảng `chitiethoadon`
--

CREATE TABLE `chitiethoadon` (
  `id_chitiethoadon` bigint(20) UNSIGNED NOT NULL,
  `id_hoadon` bigint(20) UNSIGNED NOT NULL,
  `id_sach` bigint(20) UNSIGNED NOT NULL,
  `soluong` int(11) NOT NULL,
  `gia` double NOT NULL,
  `thanhtien` double NOT NULL,
  `created_at` timestamp NULL DEFAULT NULL,
  `updated_at` timestamp NULL DEFAULT NULL
) ENGINE=InnoDB DEFAULT CHARSET=utf8mb4 COLLATE=utf8mb4_unicode_ci;

--
-- Đang đổ dữ liệu cho bảng `chitiethoadon`
--

INSERT INTO `chitiethoadon` (`id_chitiethoadon`, `id_hoadon`, `id_sach`, `soluong`, `gia`, `thanhtien`, `created_at`, `updated_at`) VALUES
(8, 30, 15, 1, 293, 383, NULL, NULL),
(9, 30, 13, 1, 90, 383, NULL, NULL),
(14, 47, 15, 1, 293, 383, NULL, NULL),
(15, 47, 13, 1, 90, 383, NULL, NULL),
(16, 59, 15, 1, 293, 293, NULL, NULL),
(17, 61, 15, 1, 293, 293, NULL, NULL),
(18, 63, 43, 1, 90, 90, NULL, NULL),
(19, 65, 15, 1, 293, 293, NULL, NULL);

-- --------------------------------------------------------

--
-- Cấu trúc bảng cho bảng `failed_jobs`
--

CREATE TABLE `failed_jobs` (
  `id` bigint(20) UNSIGNED NOT NULL,
  `uuid` varchar(255) NOT NULL,
  `connection` text NOT NULL,
  `queue` text NOT NULL,
  `payload` longtext NOT NULL,
  `exception` longtext NOT NULL,
  `failed_at` timestamp NOT NULL DEFAULT current_timestamp()
) ENGINE=InnoDB DEFAULT CHARSET=utf8mb4 COLLATE=utf8mb4_unicode_ci;

-- --------------------------------------------------------

--
-- Cấu trúc bảng cho bảng `hoadon`
--

CREATE TABLE `hoadon` (
  `id_hoadon` bigint(20) UNSIGNED NOT NULL,
  `hovaten` varchar(255) NOT NULL,
  `sodiethoai` varchar(255) NOT NULL,
  `diachi` varchar(255) NOT NULL,
  `hinhthucthanhtoan` varchar(255) NOT NULL,
  `thanhtien` double NOT NULL,
  `created_at` timestamp NULL DEFAULT NULL,
  `updated_at` timestamp NULL DEFAULT NULL,
  `note` text NOT NULL
) ENGINE=InnoDB DEFAULT CHARSET=utf8mb4 COLLATE=utf8mb4_unicode_ci;

--
-- Đang đổ dữ liệu cho bảng `hoadon`
--

INSERT INTO `hoadon` (`id_hoadon`, `hovaten`, `sodiethoai`, `diachi`, `hinhthucthanhtoan`, `thanhtien`, `created_at`, `updated_at`, `note`) VALUES
(30, 'a', '12345', 'ha noi', 'Cod', 383, NULL, NULL, 'qwerq'),
(47, 'qer77', '214345', 'ha noiv3', 'ATM', 383, NULL, NULL, '5'),
(59, 'q', '24413', '5', 'Cod', 293, NULL, NULL, '4214'),
(60, 'q', '24413', '5', 'Cod', 293, NULL, NULL, '4214'),
(61, 'a5', '123454', '5', 'Cod', 293, NULL, NULL, '5'),
(62, 'a5', '123454', '5', 'Cod', 293, NULL, NULL, '5'),
(63, 'a5', '12345', 'ha noi', 'Cod', 90, NULL, NULL, 'y'),
(64, 'a5', '12345', 'ha noi', 'Cod', 90, NULL, NULL, 'y'),
(65, 'a', '123454', 'ha noi5', 'Cod', 293, NULL, NULL, 'sdfafsdf'),
(66, 'a', '123454', 'ha noi5', 'Cod', 293, NULL, NULL, 'sdfafsdf');

-- --------------------------------------------------------

--
-- Cấu trúc bảng cho bảng `migrations`
--

CREATE TABLE `migrations` (
  `id` int(10) UNSIGNED NOT NULL,
  `migration` varchar(255) NOT NULL,
  `batch` int(11) NOT NULL
) ENGINE=InnoDB DEFAULT CHARSET=utf8mb4 COLLATE=utf8mb4_unicode_ci;

--
-- Đang đổ dữ liệu cho bảng `migrations`
--

INSERT INTO `migrations` (`id`, `migration`, `batch`) VALUES
(1, '2014_10_12_000000_create_users_table', 1),
(2, '2014_10_12_100000_create_password_reset_tokens_table', 1),
(3, '2019_08_19_000000_create_failed_jobs_table', 1),
(4, '2019_12_14_000001_create_personal_access_tokens_table', 1),
(5, '2023_10_10_093310_create_nhaxb_table', 1),
(6, '2023_10_10_094505_create_nhaxb_table', 2),
(7, '2023_10_11_062316_create_dichvu_table', 3),
(8, '2023_10_12_022649_create_sach_table', 4),
(9, '2023_10_12_030147_alter_sach_table', 5),
(10, '2023_10_12_033147_alter_sach_table', 6),
(11, '2023_10_12_090150_change_sach_table_name_column_typ', 7),
(12, '2023_10_12_144651_create_theloai_table', 8),
(13, '2023_10_13_005000_alter_theloai_table', 9),
(14, '2023_10_13_005520_drop_theloai_table', 9),
(15, '2023_10_13_005830_alter_theloai_table', 10),
(16, '2023_10_13_011003_alter_theloai_table', 11),
(17, '2023_10_13_063451_create_admins_table', 12),
(18, '2023_10_17_133113_create_hoadon_table', 13),
(19, '2023_10_17_202234_update_hoadon_table', 14),
(20, '2023_10_18_060239_create_chitiethoadon_table', 15),
(21, '2023_10_18_065625_create_chitiethoadon_table', 16),
(22, '2023_10_18_065731_alter_chitiethoadon_table', 17);

-- --------------------------------------------------------

--
-- Cấu trúc bảng cho bảng `nhaxb`
--

CREATE TABLE `nhaxb` (
  `id` bigint(20) UNSIGNED NOT NULL,
  `name` varchar(255) NOT NULL
) ENGINE=InnoDB DEFAULT CHARSET=utf8mb4 COLLATE=utf8mb4_unicode_ci;

--
-- Đang đổ dữ liệu cho bảng `nhaxb`
--

INSERT INTO `nhaxb` (`id`, `name`) VALUES
(9, 'Forbes Vietnam'),
(10, 'NXB Thanh Niên'),
(12, 'NXB Dân Trí'),
(14, 'NXB trẻ');

-- --------------------------------------------------------

--
-- Cấu trúc bảng cho bảng `password_reset_tokens`
--

CREATE TABLE `password_reset_tokens` (
  `email` varchar(255) NOT NULL,
  `token` varchar(255) NOT NULL,
  `created_at` timestamp NULL DEFAULT NULL
) ENGINE=InnoDB DEFAULT CHARSET=utf8mb4 COLLATE=utf8mb4_unicode_ci;

-- --------------------------------------------------------

--
-- Cấu trúc bảng cho bảng `personal_access_tokens`
--

CREATE TABLE `personal_access_tokens` (
  `id` bigint(20) UNSIGNED NOT NULL,
  `tokenable_type` varchar(255) NOT NULL,
  `tokenable_id` bigint(20) UNSIGNED NOT NULL,
  `name` varchar(255) NOT NULL,
  `token` varchar(64) NOT NULL,
  `abilities` text DEFAULT NULL,
  `last_used_at` timestamp NULL DEFAULT NULL,
  `expires_at` timestamp NULL DEFAULT NULL,
  `created_at` timestamp NULL DEFAULT NULL,
  `updated_at` timestamp NULL DEFAULT NULL
) ENGINE=InnoDB DEFAULT CHARSET=utf8mb4 COLLATE=utf8mb4_unicode_ci;

-- --------------------------------------------------------

--
-- Cấu trúc bảng cho bảng `sach`
--

CREATE TABLE `sach` (
  `id` bigint(20) UNSIGNED NOT NULL,
  `ten` varchar(255) NOT NULL,
  `gia` double NOT NULL,
  `hinhanh` varchar(900) NOT NULL,
  `nhaphathanh` varchar(255) NOT NULL,
  `mota` text NOT NULL,
  `date` date NOT NULL,
  `giakhuyenmai` double NOT NULL,
  `tacgia` varchar(255) NOT NULL,
  `giayphep` varchar(255) NOT NULL,
  `ngonngu` varchar(255) NOT NULL,
  `kichthuoc` varchar(255) NOT NULL,
  `sotrang` varchar(255) NOT NULL,
  `khoiluong` varchar(255) NOT NULL,
  `dinhdang` varchar(255) NOT NULL,
  `created_at` timestamp NULL DEFAULT NULL,
  `updated_at` timestamp NULL DEFAULT NULL,
  `idnhaxb` bigint(20) UNSIGNED NOT NULL,
  `id_theloai` bigint(20) UNSIGNED NOT NULL
) ENGINE=InnoDB DEFAULT CHARSET=utf8mb4 COLLATE=utf8mb4_unicode_ci;

--
-- Đang đổ dữ liệu cho bảng `sach`
--

INSERT INTO `sach` (`id`, `ten`, `gia`, `hinhanh`, `nhaphathanh`, `mota`, `date`, `giakhuyenmai`, `tacgia`, `giayphep`, `ngonngu`, `kichthuoc`, `sotrang`, `khoiluong`, `dinhdang`, `created_at`, `updated_at`, `idnhaxb`, `id_theloai`) VALUES
(13, 'Tạp chí Forbes - Số 115 (Tháng 3/2023)', 95, '376544_tap-chi-forbes-so-115-thang-32023.jpg', 'Forbes Vietnam', 'Điểm Chạm Khách Hàng\r\nĐể trả lời cho câu hỏi sau đại dịch COVID-19 chân dung của người tiêu dùng đã thay đổi như thế nào, NielsenIQ đã tiến hành nhiều khảo sát với những nhóm khách hàng khác nhau. Kết quả cho thấy hành vi khách hàng đã có sự thay đổi đáng kể so với trước khi dịch bệnh bùng phát. Chân dung mới của khách hàng được phác thảo: Họ cân nhắc kỹ lưỡng về yếu tố thương hiệu sản phẩm song song với yếu tố sức khỏe và bền vững. Do tâm lý bất an về vấn đề tài chính, người tiêu dùng quan tâm so sánh công năng của sản phẩm với số tiền bỏ ra để sở hữu. Giai đoạn đại dịch khiến nhiều khách hàng lần đầu tiên đã có những trải nghiệm mua sắm online nên có sự cân nhắc giữa kênh mua sắm trực tuyến và tới cửa hàng vật lý.\r\n\r\nMột trong những lĩnh vực thay đổi mạnh mẽ trong ba năm qua dưới tác động của đại dịch là lĩnh vực bán lẻ. Sự thay đổi này đến từ nhiều yếu tố: người tiêu dùng giao tiếp trên không gian số nhiều hơn nên các phương thức quảng bá và giới thiệu sản phẩm cũng buộc phải thay đổi cách tiếp cận; chuỗi logistics cung ứng sản phẩm giảm sự phụ thuộc vào phương thức truyền thống; thanh toán không dùng tiền mặt lên ngôi kéo theo sự thay đổi của hình thức thanh toán trong mua sắm. Một câu hỏi lớn đặt ra với các doanh nghiệp bán lẻ hiện nay là họ đã đủ thấu hiểu những thay đổi của khách hàng hay chưa để có thể chạm tới nhu cầu khách hàng?\r\n\r\nNối tiếp việc ghi nhận những thay đổi sau đại dịch trong lĩnh vực logistics, y tế, tài chính… Chuyên đề tháng 3.2023 của Forbes Việt Nam ghi nhận những chuyển động và thay đổi trong ngành bán lẻ hiện đại. Qua những câu chuyện lần đầu tiên được kể độc giả có thể hình dung ra bức tranh chung: Openasia Group - nhà phân phối sản phẩm xa xỉ đang tự làm mới mình sau 30 năm hoạt động; Central Retail Việt Nam, một thế lực trong lĩnh vực bán lẻ hiện đại, sau mười năm hoạt động ở Việt Nam muốn mở rộng tầm ảnh hưởng; Decathlon - nhà sản xuất đồ thể thao lớn nhất thế giới đi vào thị trường bán lẻ nội địa theo một cách riêng… Bên cạnh những doanh nghiệp lớn, nhiều cái tên hứa hẹn cũng được “giải mã” trong chuyên đề này như Katinat hay KiotViet.\r\n\r\nỞ Việt Nam, tầng lớp trung lưu đã gia tăng đáng kể những năm qua. Tập khách hàng năng động trẻ trung này với khả năng tài chính có thể mạnh tay mua sắm, họ am hiểu không gian số và ngày càng ưa thích trải nghiệm các dịch vụ được cá nhân hóa. Phần thưởng của thị trường giai đoạn tới dành cho các nhà bán lẻ xuất sắc, các công ty cung cấp trải nghiệm khách hàng tốt nhất và tạo ra được điểm chạm tới cảm xúc khách hàng.', '2023-05-31', 90, 'Nhiều tác giả', '-QĐ/NXB ThN', 'Tiếng Việt', '20.5 x 27 cm', '112', '400.00', 'Bìa mềm', NULL, NULL, 9, 4),
(14, 'Sổ tay bác sĩ nhí – Hiểu đúng bệnh, chữa nhẹ tênh', 180, '1697253414_374820_so-tay-bac-si-nhi-hieu-dung-benh-chua-nhe-tenh.jpg', 'SAN HÔ', 'Đã bao giờ các bạn nhỏ gặp phải tình huống bạn bè, người thân ho ốm hay bản thân phải vật lộn cùng cơn đau bụng khi vắng mặt bố mẹ?\r\n\r\nDù bạn nhỏ tò mò về công việc của bác sĩ hay muốn tự chăm sóc bản thân, giúp đỡ mọi người, cuốn sách này sẽ hỗ trợ ít nhiều. Làm sao để xì mũi đúng cách? Viêm amidan có được ăn kem không? Bị lây chấy phải làm gì? Tại sao cần uống đủ nước? Xử trí nhiệt miệng thế nào?\r\n\r\nHơn hết, Sổ tay bác sĩ nhí cung cấp những thông tin về các bệnh thường gặp, giúp độc giả nhí tự trang bị kiến thức để từ đó hiểu về cơ thể, chủ động hợp tác với bố mẹ và bác sĩ để cùng chăm sóc sức khoẻ. Xen kẽ thông tin khoa học là những minh hoạ hài hước, sinh động, cùng lối truyền tải đối thoại thân thiện, chắc chắn độc giả nhí sẽ không thể rời mắt khỏi cuốn sách dù chỉ một giây.', '2023-01-31', 153, 'Štěpánka Sekaninová', '-QĐ/NXB ThN', 'Tiếng Việt', '20.5 x 26 cm', '80', '500.00', 'Bìa cứng', NULL, NULL, 10, 4),
(15, 'Sapiens - Lược Sử Loài Người Bằng Tranh - Tập 2: Những Trụ Cột Của Nền Văn Minh', 345, '1697253888_372171_p96095m371518p96095msapienstruyentranhbia1tap2 (1).jpg', 'Alpha books', 'TẬP 2 của loạt truyện tranh chuyển thể từ tác phẩm \"Sapiens - Lược sử loài người\" của tác giả Yuval Noah Harari được chính thức phát hành trên toàn cầu.\r\n\r\nOmega+ cũng vui mừng thông báo đến với các độc giả tại Việt Nam, phiên bản tiếng Việt của tập truyện này cũng sẽ được phát hành toàn quốc gần như ĐỒNG THỜI với các phiên bản khác trên thế giới vào tháng 11/2021. Tập 1 đã được chúng tôi xuất bản vào tháng 5/2021.\r\n\r\nHarari đã hợp tác với các nghệ sĩ truyện tranh nổi tiếng David Vandermeulen (đồng sáng tác) và Daniel Casanave (họa sĩ minh họa), để tạo ra một loạt tập truyện đồ họa nhằm thu hút những độc giả không thường xuyên của mảng khoa học và lịch sử. Tập sách bao gồm nhiều hình ảnh minh họa đầy đủ màu sắc và văn bản dễ hiểu sẽ làm nội dung của tác phẩm trở nên hấp dẫn hơn dành cho độc giả mọi lứa tuổi. Dự kiến sẽ có 4 tập dựa trên 4 phần chính của tác phẩm gốc.\r\n\r\n ĐẶC BIỆT CỦA TẬP 2: là bộ bookmark hình nhân vật bao gồm 4 nhân vật chính dẫn dắt xuyên suốt các tập truyện và 1 nhân vật đại diện cho tập 2. Đó là:\r\n\r\n. Tác giả Yuval Noah Harari\r\n\r\n. Giáo sư đáng kính Saraswati\r\n\r\n. Tiến sĩ Hư cấu mang hình dánh siêu nhân\r\n\r\n. Thám tử siêu ngầu Lopez\r\n\r\n. Nhân vật hư cấu cây lúa mì', '2023-02-01', 293, 'Yuval Noah Harari', 'có', 'Tiếng Việt', '27.5 x 20.5', '256', '520.00', 'Bìa cứng', NULL, NULL, 9, 4),
(16, 'Cây Chuối Non Đi Giày Xanh (Bìa Mềm)', 110, '1697254391_281094_cay-chuoi-non-di-giay-xanh-bia-mem.jpg', 'NXB Trẻ', '\"Kỷ niệm bao giờ cũng đẹp và đặc biệt là không biết phản bội.\"\r\n\r\nCâu chuyện này về kỷ niệm. Có nỗi sợ trẻ con ai cũng từng qua, có rung động mơ hồ đủ khiến hồi hộp đỏ mặt. Mối ghen tuông len lỏi, nỗi buồn thắt tim, và những giấc mơ trong veo êm đềm...\r\n\r\nTruyện dài mới nhất của nhà văn Nguyễn Nhật Ánh vẫn thế, đầy ắp con chữ mang đến niềm vui, niềm hy vọng và hạnh phúc. Để dành tặng cho các bạn trẻ, và những ai từng qua tuổi ấu thơ.\r\n\r\n***\r\n\r\n\"Khác với mùa thu rón rén, bao giờ mùa hè cũng về với những bước chân rộn ràng. Cây phượng trước sân trường tôi và cây phượng trước sân chùa Giác Nguyên thi nhau nở đỏ thắm mấy hôm nay. Trên những ngọn cây cao hai bên bờ suối, tiếng ve đã bắt đầu râm ran. Và trên cánh đồng dẫn vô con suối xóm Trong, cỏ khô đi dưới cái nắng như thiêu, rủ nhau chuyển sang màu rơm rạ và phát ra tiếng kêu lạo xạo mỗi khi bánh xe của chú tiểu Khôi lăn qua.\r\n\r\n....\r\n\r\nKhi người ta lớn lên, niềm vui và nỗi buồn cũng lớn lên theo. Trong những giấc mơ của tôi, không có châu chấu chuồn chuồn như những ngày thơ bé. Đã có bão giông theo về trong những đêm gió luồn qua mái lá. Ờ, ngay cả giấc mơ cũng lớn lên đó thôi.\"\r\n\r\n- Trích \"Cây Chuối Non Đi Giày Xanh\"', '2023-03-02', 77, 'Nguyễn Nhật Ánh', 'có', 'Tiếng Việt', '13 x 20 cm', '304', '374.00', 'Bìa mềm', NULL, NULL, 14, 4),
(17, 'Con Chó Nhỏ Mang Giỏ Hoa Hồng (Bìa Mềm)', 90, '1697254896_203534_con-cho-nho-mang-gio-hoa-hong-bia-mem.jpg', 'NXB Trẻ', '“Con chó nhỏ mang giỏ hoa hồng” là tác phẩm mới nhất của nhà văn chuyên viết cho thanh thiếu niên Nguyễn Nhật Ánh, nối tiếp sau Bảy bước tới mùa hè, Tôi thấy hoa vàng trên cỏ xanh… gây sóng gió thị trường sách năm 2015.  \r\n\r\n5 chương sách với 86 câu chuyện cực kỳ thú vị và hài hước về 5 con chó 5 loài 5 tính cách trong 1 gia đình có 3 người đều yêu chúng nhưng theo từng cách riêng của mình. Các câu chuyện về tình bạn giữa chúng với nhau, giữa chúng với chị Ni, ba mẹ, khách đến nhà… thực sự mang lại một thế giới trong trẻo, những đoạn đời dễ thương quyến rũ tuổi mới lớn. \r\n\r\nMột quyển sách lôi cuốn viết cho tất cả chúng ta: trẻ con và người lớn. Cuộc đời của 5 con chó nhỏ: Haili, Batô, Suku, Êmê và Pig được tái hiện như đời sống của mỗi con người: tình bạn, tình yêu, đam mê, lòng dũng cảm, sự sợ hãi, và những ước mơ...', '2023-03-21', 63, 'Nguyễn Nhật Ánh', 'có', 'Tiếng Việt', '13 x 20 cm', 'Bìa mềm', '242.00', 'Bìa mềm', NULL, NULL, 14, 4),
(18, 'Sự Im Lặng Của Bầy Cừu (Tái Bản 2022)', 115, '1697257567_372414_su-im-lang-cua-bay-cuu-tai-ban-2022.jpg', 'Nhã Nam', 'Những cuộc phỏng vấn ở xà lim với kẻ ăn thịt người ham thích trò đùa trí tuệ, những tiết lộ nửa chừng hắn chỉ dành cho kẻ nào thông minh, những cái nhìn xuyên thấu thân phận và suy tư của cô mà đôi khi cô muốn lảng tránh... Clarice Starling đã dấn thân vào cuộc điều tra án giết người lột da hàng loạt như thế, để rồi trong tiếng bức bối của chiếc đồng hồ đếm ngược về cái chết, cô phải vật lộn để chấm dứt tiếng kêu bao lâu nay vẫn đeo đẳng giấc mơ mình: tiếng kêu của bầy cừu sắp bị đem đi giết thịt.\r\n\r\nSự im lặng của bầy cừu hội tụ đầy đủ những yếu tố làm nên một cuốn tiểu thuyết trinh thám kinh dị xuất sắc nhất: không một dấu vết lúng túng trong những chi tiết thuộc lĩnh vực chuyên môn, với các tình tiết giật gân, cái chết luôn lơ lửng, với cuộc so găng của những bộ óc lớn mà không có chỗ cho kẻ ngu ngốc để cuộc chơi trí tuệ trở nên dễ dàng. Bồi đắp vào cốt truyện lôi cuốn đó là cơ hội được trải nghiệm trong trí não của cả kẻ gây tội lẫn kẻ thi hành công lý, khi mỗi bên phải vật vã trong ngục tù của đau đớn để tìm kiếm, khẩn thiết và liên tục, một sự lắng dịu cho tâm hồn.\r\n\r\nNhận định\r\n\r\n“...xây dựng tình tiết đẹp với lối viết thông tuệ. Không tác phẩm kinh dị nào vượt được cuốn này.”\r\n\r\n- Clive Barker\r\n\r\n“Một cuốn sách giáo khoa đúng nghĩa về nghệ thuật viết truyện kinh dị, một kiệt tác chứa xung lực đưa nó lao vụt lên đỉnh cao không một khiếm khuyết... Harris đơn giản chính là tiểu thuyết gia kinh dị xuất sắc nhất thời nay.”\r\n\r\n- The Washington Post\r\n\r\n“Tiết điệu dồn dập... đánh thức sự tò mò... lôi cuốn.”\r\n\r\n- Chicago Tribune', '2019-02-03', 98, 'Thomas Harris', 'có', 'Tiếng Việt', '15 x 24 cm', '359', '560.00', 'Bìa mềm', NULL, NULL, 10, 5),
(19, 'Lôi Thần Và Nhân Viên Văn Phòng - Tập 5', 66, '1697257749_372416_loi-than-va-nhan-vien-van-phong-tap-5.jpg', 'AZ books', 'Trong thời gian hòa nhập vào thế giới con người, Raiyu càng ngày càng nhận ra rằng anh và Omura có thật ít thời gian để ở bên nhau, vì vậy anh muốn tranh thủ thực hiện tất cả những điều mà cả hai cùng muốn làm. Đồng thời, đây cũng chính là khoảng thời gian Omura sống thật với bản thân mình trong suốt bao nhiêu năm qua. Anh cùng Raiyu đối mặt với bạn bè, với gia đình, người thân,... để giới thiệu với họ rằng Raiyu chính là người quan trọng sẽ bầu bạn cùng anh đến cuối đời. Cả hai đã tìm được cho mình chốn về bình yên, ấm áp và tràn đầy hy vọng về tương lai.\r\n\r\nHành trình 5 tập truyện của Raiyu và Omura với đầy đủ cung bậc cảm xúc của tình yêu, tình bạn, tình thân đã khép lại tại đây. Xin chân thành cảm ơn tác giả Rena đã đem tới cho chúng ta một bộ truyện đáng yêu, trọn vẹn mà đầy triết lý đáng suy ngẫm như “Lôi thần và nhân viên văn phòng”. Hãy cùng đón chờ một tác phẩm khác của sensei trong thời gian gần nhất cùng Daisy nhé!', '2022-03-04', 56, 'Rena', '-QĐ/', 'Tiếng Việt', '18 x 13 cm', '226', '450.00', 'Bìa mềm', NULL, NULL, 10, 5),
(20, 'Lôi Thần Và Nhân Viên Văn Phòng - Tập 4', 66, '1697257909_372418_loi-than-va-nhan-vien-van-phong-tap-4.jpg', 'AZ books', 'Sau chuyến du lịch nông thôn và trải nghiệm những thứ mới lạ ở quê của Omura, cả hai trở về thành phố. Lôi thần Raiyu bỗng dưng biến thành quả bóng tròn bay lơ lửng không ai có thể sờ vào ngoài Omura, cũng chẳng thể tự mình biến thân lại. Omura nhờ đến sự giúp đỡ từ những người bạn của Raiyu để giải đáp xem tại sao hình dáng của Raiyu trong thời gian này luôn thay đổi thất thường. Những trải nghiệm khi chung sống với con người khiến một vị thần như Raiyu bắt đầu mơ hồ cảm nhận được hỉ nộ ai lạc, đồng thời nhận ra cảm xúc của mình đối với Omura. Thế nhưng song song với điều đó, Raiyu cũng hiểu ra rằng mình chẳng thể mãi ở bên cạnh Omura đến cả ngàn năm', '2023-03-23', 26, 'Rena', '-QĐ/NXB HN', 'Tiếng Việt', '18 x 13 cm', '194', '400.00', 'Bìa mềm', NULL, NULL, 10, 5),
(21, 'Lôi Thần Và Nhân Viên Văn Phòng - Tập 3', 66, '1697258134_372415_loi-than-va-nhan-vien-van-phong-tap-3.jpg', 'AZ books', 'Nối tiếp câu chuyện là quá trình hòa nhập vào với cuộc sống con người của Lôi Thần khi gặp những người bạn của Omura, trải nghiệm thế giới loài người mà anh chưa từng biết tới. Từ những thứ nhỏ nhặt nhất như món cơm nắm siêu to siêu ngon do Omura làm mà anh cực kỳ khoái khẩu, cho đến việc làm quen với tàu điện ngầm, thư viện,… tất cả những điều tưởng chừng như nhàm chán, chẳng có gì lạ lẫm với người khác, thì đối với Raiyu đều mới mẻ vô cùng.', '2023-02-24', 56, 'Rena', '-QĐ/NXB HN', 'Tiếng Việt', '18 x 13 cm', '210', '400.00', 'Bìa mềm', NULL, NULL, 10, 5),
(22, 'Giải Mã Chiến Lược Đông Tây', 199, '1697258569_372234_giai-ma-chien-luoc-dong-tay.jpg', 'Viện Nghiên Cứu Phát Triển Lãnh Đạo Chiến Lược', 'Cuốn sách “Giải mã Chiến lược Đông Tây” cung cấp cho độc giả cách tiếp cận chiến lược sâu sắc của phương Đông và tư duy phân tích mạch lạc của phương Tây: từ cách làm của người sáng lập Coca-Cola để có thể biến một đốm lửa thành bó đuốc rực sáng đến ý tưởng về “bữa tối kỳ lạ” đã cứu nhà hàng Việt trong đại dịch COVID. Nội dung cuốn sách là kết quả của nhiều năm nghiên cứu và kinh nghiệm tư vấn thực tiễn của các chuyên gia Viện Nghiên cứu Phát triển Lãnh đạo Chiến lược (Sleader) cho nhiều doanh nghiệp tại Việt Nam.\r\n\r\nĐiểm khác biệt của “Giải mã Chiến lược Đông Tây”:\r\n\r\nDiễn đạt những nội dung phức tạp của chiến lược bằng ngôn từ dễ hiểu và các ví dụ, tình huống thực tiễn để mọi thành viên của một tổ chức đều có thể tham gia xây dựng chiến lược và áp dụng các bài học từ chiến lược vào mọi mặt của đời sống.\r\nMang đến phương pháp độc đáo trong xây dựng và triển khai chiến lược - sự kết hợp khôn ngoan giữa Đông và Tây: Các triết lý sâu sắc của phương Đông cùng với các công cụ hỗ trợ hiện đại từ phương Tây, sẽ giúp các nhà quản trị có được những phân tích, đánh giá sâu sắc nhưng vẫn đảm bảo chiến lược được dễ dàng hiện thực hóa bởi toàn thể đội ngũ nhân viên đều được hỗ trợ, định hướng một cách rõ ràng.\r\n“Giải mã chiến lược Đông Tây” giúp bạn có thể:\r\n\r\nTìm ra định hướng, con đường khác biệt cho cá nhân cũng như doanh nghiệp để phát triển lâu dài và bền vững\r\nThay đổi cách tiếp cận kinh doanh “kiểu nhỏ lẻ” thường thấy ở Việt Nam sang tư duy bài bản, có hệ thống\r\nCó cái nhìn sâu sắc hơn về tiếp cận của văn hóa phương Đông và phương Tây trong chiến lược để từ đó ứng dụng một cách linh hoạt cho môi trường kinh doanh của Việt Nam\r\nTăng sự tự tin và mong muốn đạt được thành công vượt trội trong công việc và cuộc sống\r\nSách in màu, minh hoạ đẹp, dày 168 trang, Nhà xuất bản Đại học Quốc gia Hà Nội, 2020\r\n\r\nVề tác giả:\r\n\r\nTS. Dương Thị Thu là Nhà sáng lập, Viện trưởng Viện Nghiên cứu Phát triển Lãnh đạo Chiến lược (Sleader). Bà có nhiều năm kinh nghiệm đào tạo và tư vấn trong các lĩnh vực: Chiến lược, quản trị nhân sự, lãnh đạo. Hiện nay TS. Dương Thị Thu đang cùng đối tác chiến lược là Viện Malik, Thụy Sỹ, chuyển giao hệ thống mô hình, công cụ hiện đại bậc nhất thế giới cho các doanh nghiệp Việt Nam.\r\n\r\nTS.Trần Thị Hồng Liên hiện nay là Phó Trưởng khoa Quản trị Kinh doanh của Trường Đại học Kinh tế - Luật, Đại học Quốc gia Thành phố Hồ Chí Minh. Nhờ trải nghiệm sâu sắc với các doanh nghiệp/tổ chức, cùng những hiểu biết từ hành trình khám phá văn hóa bản địa đa dạng, TS.Trần Thị Hồng Liên mang đến một cái nhìn tươi mới về quản trị chiến lược, đó chính là khoa học trong một ngôn ngữ sống động, dễ hiểu để “mang khoa học tới gần cộng đồng kinh doanh hơn', '2023-02-01', 169, 'TS. Dương Thị Thu', 'ko', 'Tiếng Việt', '20.5 x 27 cm', '168', '450.00', 'Bìa mềm', NULL, NULL, 10, 6),
(23, 'Các Cơ Sở Của Số Học: Một Khảo Sát Logic-Toán Về Khái Niệm Số', 170, '1697258763_369910_cac-co-so-cua-so-hoc-mot-khao-sat-logic-toan-ve-khai-niem-so.jpg', 'THƯ HIÊN DỊCH TRƯỜNG', 'Gottlob Frege (tên thánh: Friedrich Ludwig Gottlob Frege) chào đời tại Wismar, nằm trên bờ biển Baltic của Đức, vào ngày 08 tháng 08 năm 1848. Cha ông, Karl Alexander (1809 -1866), là nhà sáng lập, hiệu trưởng của một trường nữ tư thục, và mẹ ông, Auguste Bialloblotzky (qua đời năm 1878), là giáo viên và sau đó là hiệu trưởng của ngôi trường này. Ông học trường Gymnasium ở Wismar từ 1864 đến 1869, và sau khi thi đậu kì Abitur vào mùa xuân năm 1869, ông đến học tiếp ở Đại học Jena. Ông học ở đây 4 học kì, đăng kí học các môn hóa học, toán và triết học, trước khi chuyển đến Đại học Göttingen (có lẽ theo lời khuyên của thầy hướng dẫn của ông ở Jena là Ernst Abbe), nơi ông học 5 học kì, đăng kí học các môn vật lí, toán và triết học tôn giáo. Ông đậu bằng tiến sĩ năm 1873 với luận án \"On a Geometrical Representation of Imaginary Form in Plane\" (Về biểu diễn hình học của dạng ảo trong mặt phẳng), nó phát triển tiếp công việc của Gauss, một trong những nhà toán học đã hợp thức hóa số phức bằng cách chỉ ra cách thức chúng có thể được biểu diễn bằng một điểm trên mặt phẳng, và chỉ ra cách thức những phần ảo có thể được biểu diễn bằng hình học.\r\nMặc dù đây là một tác phẩm hình học thuần túy, nhưng luận án của Frege đã cho thấy hướng đi về sau trong tư tưởng của ông. Vì rõ ràng ông quan tâm đến cách thức những kết quả trong một lĩnh vực có thể mở rộng sang một lĩnh vực khác. Sở dĩ làm được như thế là do số học nằm đằng sau nó, môn học bao gồm cái trực quan lẫn cái phi trực quan; và đây là điều Frege nhấn mạnh xuyên suốt tác phẩm về sau của ông. Quả thật, nó cung cấp điểm khởi đầu cho tác phẩm tiếp theo của ông, luận án Habil cần thiết để trở thành giảng viên đại học, được nộp vào đầu năm 1874 cho Đại học Jena và bao gồm trong hồ sơ ứng tuyển giảng viên của ông. Mang nhan đề \"Methods of Calculation based on an Extension of the Concept of Magnitude\" (Những phương pháp tính dựa trên ngoại diên của khái niệm độ lớn), chính trong tác phẩm này người ta thấy những quan tâm về cơ sở của Frege. Frege lập luận những gì làm cơ sở cho khái niệm độ lớn, và làm cho nó độc lập với trực giác, là những tính chất tổng quát của phép cộng, và chính phép cộng là \"chủ đề của các mệnh đề cơ bản này để từ đó toàn bộ môn số học nảy nở từ một hạt mầm\". Tất cả các phương pháp tính toán khác bắt nguồn từ phép cộng ‒ chẳng hạn, phép cộng lặp lại sẽ tạo ra phép nhân. Frege cho rằng cái liên quan ở đây là sự áp dụng lặp lại một phép toán, vốn có thể được biểu trưng bằng một hàm phù hợp, sao cho giá trị của hàm ở một đối số cho sẵn từ nó có thể trở thành đối số của hàm đó. Chẳng hạn, cộng 1 có thể được biểu diễn bằng hàm số liền sau f(x) = x+1, cộng 2 bằng ff(x), v.v.. nhân đôi bằng g(x)=x+x, nhân bốn bằng gg(x), v.v.. Frege tiếp tục khảo sát các quan hệ giữa nhiều kiểu hàm toán học khác nhau; nhưng điểm then chốt cần lưu ý ở đây là vai trò trung tâm của khái niệm hàm được đề xuất trong lí thuyết cần thiết về độ lớn, giúp người ta có thể kết nối những lĩnh vực khác nhau của số học. Chính sự phát triển lí thuyết hàm của Frege đã đóng vai trò quan trọng trong sự chuyển đổi môn logic mà ông đã góp phần thay đổi sau đó.\r\nSau khi hoàn thành luận án Habil, và kì khảo thí miệng cần thiết, tức tranh luận công khai và giảng thử, tháng 05 năm 1874, Frege được bổ nhiệm vị trí Privatdozent (giảng viên không lương) ở Đại học Jena, nơi ông đã giảng dạy suốt sự nghiệp còn lại. Trong mấy năm đầu tiên, trách nhiệm giảng dạy của ông khá nặng nề, và ông chỉ công bố bốn tác phẩm ngắn, ba trong số đó là bài điểm sách, trước khi xuất bản quyển sách đầu tiên của ông, Begriffsschrift, năm 1879. Mặc dù ngày nay tác phẩm này được tôn vinh đã mở ra thời đại của logic hiện đại, ta thấy rõ từ Lời tựa rằng mục đích của Frege khi phát triển một lí thuyết logic mạnh hơn không phải để tập trung cải thiện logic truyền thống mà nhằm cung cấp cho số học những cơ sở mạnh nhất có thể được . Vì những cơ sở vững chắc nhất được thấy là những cơ sở logic, tác vụ trở thành xác định phạm vi số học có thể thiết lập từ logic là bao nhiêu. Sau khi giải thích lí thuyết logic của ông trong Phần I, II, III, Frege quả thật đã thành công trong việc chứng minh rằng phép quy nạp toán học có thể được phân tích theo logic thuần túy, và chắc chắn kết quả này đã khuyến khích ông nỗ lực thiết lập toàn bộ số học từ logic. Chương trình duy logic, như nó được gọi ngày nay, khiến ông bận tâm trong phần tư thế kỉ sau đó.\r\nNhưng tại sao người ta thấy cần phải cung cấp cơ sở cho số học? Câu trả lời nằm ở những phát triển trong toán học vào thế kỉ XIX. Trong tác phẩm của Gauss, Lobatchevsky, Bolyai và Riemann, những môn hình học phi-Euclid đầu tiên được xây dựng bằng cách thay thế tiên đề V khét tiếng của Euclid, tiên đề song song, bằng một tiên đề khác. Nhiều người đã giả sử rằng những mâu thuẫn sớm muộn cũng sẽ xuất hiện, nhưng khi hình học eliptic đôi được chứng minh là có thể áp dụng với mặt cầu, \'đường\' được diễn giải là đường tròn lớn, người ta thấy rằng hình học phi-Euclid là nhất quán nếu hình học Euclid nhất quán (vì những cấu hình mà chúng được mô hình hóa mang tính chất Euclid). Như chúng ta vừa thấy, bản thân Frege quan tâm chứng minh cách thức những dạng ảo có thể được biểu diễn theo hình học bằng cách mở rộng hình học giải tích để bao gồm các số phức. Nhưng nếu hình học phi-Euclid có thể được mô hình hóa bên trong hình học Euclid, và hình học Euclid, thông qua hình học giải tích, có thể được đặt cơ sở trên lí thuyết số (đến cuối thế kỉ XIX, Hilbert đã chứng minh rằng hình học Euclid là nhất quán nếu số học là nhất quán). Câu hỏi này trở nên bức thiết hơn do sự tranh cãi không ngừng về sự tồn tại của số âm và số phức. Khi Hamilton bổ sung thêm vào các vấn đề này khi phát minh quarternions (các số siêu phức), không tuân theo luật giao hoán trong phép nhân, và Carley đưa vào matrices (một dạng cao hơn số siêu phức), bài học rút ra là rõ ràng: người ta không thể cứ giả sử những tính chất cơ bản của một hệ thống số tự động đúng trong hệ thống mở rộng hệ thống đó. Đây là điều chính Frege đã nhấn mạnh khi phê phán lí thuyết số của những nhà hình thức luận.\r\nNhưng động cơ quan trọng nhất nằm sau mối quan tâm gia tăng với những cơ sở của số học trong thế kỉ XIX là nhu cầu làm nghiêm ngặt hóa phép tính tích phân và vi phân, tức là giải tích toán học. Chìa khóa của sự diễn giải phép tính này là khái niệm \'giới hạn\' (limit), và chính Cauchy là người đã thực hiện nỗ lực đầu tiên định nghĩa khái niệm này bằng những dãy hội tụ. Những bàn luận sai lầm về \'cái vô cùng nhỏ\' cuối cùng đã bị Weierstrass xóa sạch, ông nhận ra rằng nếu muốn có những tiến bộ trong những lĩnh vực mà người ta đưa ra trực giác hình học, giải tích phải được đặt cơ sở trên lí thuyết số. Weierstrass, Cantor, và Dedekind cả ba đều lí giải số thực dưới dạng các dãy số hữu tỉ hội tụ; và giả sử rằng các số hữu tỉ có thể được định nghĩa bằng các số tự nhiên, các cơ sở cần thiết đang tìm kiếm đã được đảm bảo. Nhưng các số tự nhiên vẫn được giả sử là có sẵn, và đây là điều Frege xem là không thể chấp nhận, nhất là vì ông không thể tìm thấy lí giải rõ ràng chúng là gì. Do đó, ông tự đặt cho mình tác vụ hoàn thành quá trình quy giảm: định nghĩa các số tự nhiên bằng những thuật ngữ logic.\r\nSau khi công bố Begriffsschrift, Frege được thăng lên ausserordenlicher Professor, vị trí cuối cùng đã đem lại cho ông lương bổng; nhưng quyển sách ấy vấp phải những bài điểm sách phê bình, \'hệ kí hiệu khái niệm’ (concept-script) của ông bị những chuyên gia hàng đầu đương thời đánh giá là yếu hơn hệ thống logic Boolean. Phê bình này khiến Frege nghiên cứu cẩn thận tác phẩm của Boole, và viết nhiều bài báo chứng minh khả năng mạnh hơn của lí thuyết của riêng ông. Ông bận tâm làm việc này trong ba năm sau khi xuất bản Begriffsschrift, và công việc phân tích khái niệm số, được loan báo trong câu cuối của Lời tựa của Begriffsschrift, do vậy bị trì hoãn. Tuy nhiên, sự phê bình có một tác động tích cực: nó khiến Frege ý thức về nhu cầu phải giải thích những ý tưởng của ông và vạch ra theo cách phi hình thức sự thiết lập số học từ logic mà ông đề xuất, trước khi bắt đầu chương trình cung cấp những chứng minh nghiêm ngặt sử dụng \'hệ kí hiệu khái niệm\' của ông. Ông đọc tác phẩm của các triết gia đã viết về toán học, và nhận ra tầm quan trọng của việc đặt những ý tưởng của riêng ông trong hậu cảnh của những tranh luận truyền thống. Kết quả là Die Grundlagen der Arithmetik, xuất bản năm 1884, và hiện nay được công nhận, dù hồi đó không phải thế, là tác phẩm bậc thầy, chứa một phê phán mạnh mẽ đối với những quan niệm đối nghịch về số học và lí giải độc đáo của chính ông.\r\nĐặt lập trường của ông bên trong bộ khung của Kant, Frege lập luận trong Phần I rằng số học không phải là một hệ thống chân lí tổng hợp tiên nghiệm theo quan điểm của Kant, nó cũng không là một hệ thống chân lí tổng hợp hậu nghiệm theo quan điểm của Mill, nên chỉ còn một khả năng duy nhất nó là một hệ thống chân lí phân tích tiên nghiệm theo quan điểm của Leibniz. Trong Phần II, Frege phê phán cả hai quan niệm duy nghiệm và duy tâm lí học về số ‒ số không là một tính chất của những sự vật bên ngoài, vì chúng ta gán số gì cho các vật tùy thuộc vào khái niệm mà chúng ta phân loại vật vào đó, nó cũng không phải một ý niệm, vì như thế sẽ biến nó thành mang tính chủ quan. Theo Frege, số là khách quan nhưng là phi-thực-tồn. Trong §46 trong phần III, ông lập định luận đề then chốt của ông ‒ một phát biểu về số (nói có bao nhiêu vật gì đó) chứa một khẳng định về một khái niệm. Chẳng hạn, nói có một Thượng Đế tức là nói khái niệm Thượng Đế có duy nhất một trường hợp cụ thể; và điểm quan trọng ở đây là những giải nghĩa như thế làm cho những phát biểu về số có thể được hình thức hóa theo logic thuần túy. Trong Phần IV, Frege tiếp tục đưa ra những định nghĩa về khái niệm số, quan hệ phần tử kế tiếp và những số cá biệt – dưới dạng ngoại diên của khái niệm. Vì những khái niệm được chọn có thể được định nghĩa bằng logic, và giả sử rằng khái niệm về ngoại diên của một khái niệm không gây rắc rối về mặt logic (tôi sẽ trở lại điểm này ngay), thế thì tuyên bố của Frege trong Phần kết luận là có \'xác suất\' rằng số học có thể được thiết lập từ logic là được biện minh.\r\nSau khi lí giải dạng phi hình thức của ông được xuất bản, Frege tập trung vào việc chứng minh nghiêm ngặt luận đề duy logic, dựa trên các định nghĩa của ông và sử dụng hệ thống logic của ông (với một số chỉnh sửa) để chứng minh các luật của số học. Thành quả là magnum opus của ông, Grundgesetze der Arithmetik, tập I xuất bản năm 1893 và tập II năm 1903. Tuy nhiên, trong thời gian chín năm trôi qua giữa lúc xuất bản Grundlagen và tập I của Grundgesetze, Frege có thay đổi ở một số điểm quan trọng, thể hiện trong ba bài báo ông xuất bản đầu thập niên 1890 – \"Function and concept\" (Hàm và khái niệm), \"On Sinn and Bedeutung\" (Về Sinn và Bedeutung) và \"On Concept and Object\" (Về khái niệm và đối tượng). Cả ba bài giờ đây đều được xem là kinh điển của triết học phân tích; và nhất là bài thứ hai, trong đó ông đưa vào sự phân biệt nổi tiếng của ông giữa Sinn và Bedeutung, có lẽ đây là tác phẩm ảnh hưởng và phổ biến nhất trong triết học ngôn ngữ hiện đại, điều ấy không có nghĩa là sự phân biệt này được chấp nhận phổ quát hay sự diễn giải của nó là không gây tranh cãi (tôi sẽ nói thêm về điểm này bên dưới). Tuy nhiên, đối với dự án duy logic của Frege, sự phát triển quan trọng nhất là sự đơn giản hóa bản thể học của ông. Frege từng nhấn mạnh vào sự phân biệt giữa khái niệm và đối tượng trong Grundlagen - một hệ quả của việc ông dùng phân tích hàm-đối số trong Begriffshchrift; nhưng trong phạm trù đối tượng, ông nói rõ ông bao gồm thứ nhất là những chân trị (truth-values) (được xem như các Bedeutung của câu), cho nên khái niệm cũng được quan niệm là hàm ánh xạ các đối tượng vào một trong hai đối tượng, Chân lí (the Truth) và Sai lầm (the False) (nghĩa là những hàm mà giá trị của chúng là một chân trị), và thứ hai là ngoại diên của khái niệm, vốn có thể được lấy làm đối số hợp thức của hàm. Như chúng ta vừa lưu ý, mặc dù Frege đưa những ngoại diên của khái niệm trong Grundlagen, hồi đó ông chưa sẵn sàng sử dụng chúng; và trên thực tế dường như có một giai đoạn ông cố gắng không dùng chúng. Nhưng nỗ lực này thất bại, ông sớm quay về với những định nghĩa ban đầu của ông. Ba bài báo vào đầu thập niên 1890 của ông có thể được xem như củng cố, và quả thật cung cấp sự biện minh, cho sự viện dẫn của ông đến ngoại diên của khái niệm. Mặc dù các bài báo này thường được đọc như những bài nằm riêng trong lãnh vực logic triết học đang nổi lên (và quả thật có thể có ích khi đọc như thế), vai trò ban đầu của chúng là ủng hộ về mặt triết học cho chương trình duy logic của ông.\r\nSau khi xuất bản tập I của Grundgesetze, Frege được thăng lên Honorary Ordinary Professor, vị trí không lương nhưng cũng không có trách nhiệm quản lý. Nhờ khoản thu nhập hậu hĩnh ông nhận được từ Carl Zeiss Stiftung, ông có thể nghiên cứu nhiều hơn; và chắc chắn ông đã có rất nhiều thành quả nghiên cứu trong khoảng 10 năm sau đó. Ông không những phát triển thêm Grundgesetze, ông còn công bố một số bài điểm sách có phê phán tác phẩm của những tác giả khác. Bài điểm sách năm 1894 quyển Philosophie der Arithmetik đã góp phần hướng Husserl từ bỏ chủ nghĩa duy tâm lí thời đầu của mình. Giai đoạn 1894-1896, ông viết thư trao đổi thường xuyên với Peano, và công bố hai tác phẩm giải thích những ưu điểm của hệ thống kí hiệu khái niệm của ông so với hệ thống Peano đang phát triển, quả thật Peano đã chỉnh sửa hệ thống của ông do đọc tác phẩm của Frege. Hệ thống của Peano là hệ thống Russell đã phát triển tiếp, và chính qua Peano mà Russell mới biết đến tác phẩm của Frege- một sự kiện tuy nhiên đã có những hệ quả tai họa với Frege.\r\nNguồn gốc của những vấn đề của Frege, nói cho cùng, là do ông viện đến những ngoại diên của khái niệm, và nhất là do quan niệm của ông chúng là những đối tượng - khi kết hợp với giả sử của ông cho rằng mỗi khái niệm phải được định nghĩa cho mọi đối tượng. Vì giả sử sau suy ra rằng mỗi khái niệm chia mọi đối tượng thành đối tượng rơi vào, hay không rơi vào nó (không có khả năng thứ ba); cùng với giả sử cho rằng ngoại diên của khái niệm là đối tượng, nó suy ra rằng bản thân ngoại diên có thể được chia thành những ngoại diên rơi vào khái niệm mà chúng là ngoại diên (chẳng hạn ngoại diên của \"( ) là một ngoại diên\"), và những ngoại diên không rơi vào (chẳng hạn ngoại diên của \"( ) là một con ngựa”). Nhưng giờ hãy xét khái niệm \"( ) là ngoại diên của một khái niệm mà nó không rơi vào\". Ngoại diên của khái niệm này rơi vào khái niệm này hay không? Nếu nó rơi vào, thì nó không rơi vào; và nếu nó không rơi vào, thì nó rơi vào.\r\nMâu thuẫn này do Russell khám phá năm 1902, và ông viết cho Frege thông báo về nghịch lí này ngày 16 tháng 06, khi Grundgesetze đang trong quá trình in ấn. Giờ đây nó mang tên nghịch lí Russell, Frege nhận ra ngay lập tức tính chất nghiêm trọng của nó. Hai bên trao đổi, và Frege cố gắng sửa chữa trong phần phụ lục. Những gì ông cho là đã dẫn đến mâu thuẫn chính là tiên đề V, tiên đề mà ông đã chấp nhận có phần ngần ngại trong Lời tựa của tập I. Giới hạn cho những trường hợp cụ thể của khái niệm, Tiên đề V có thể được lập định như sau:\r\n(Vc) Cái gì rơi vào khái niệm F cũng rơi vào khái niệm G, và ngược lại, nếu và chỉ nếu hai khái niệm F và G có cùng ngoại diên.\r\nTheo Frege, Tiên đề V hợp thức hóa sự viện dẫn đến những ngoại diên của khái niệm bằng cách nêu rõ tiêu chuẩn về đồng nhất cho chúng (hai ngoại diên là đồng nhất nếu các khái niệm tương ứng của chúng áp dụng cho cùng các đối tượng). Nếu mỗi khái niệm được định nghĩa cho mỗi đối tượng, Tiên đề V đảm bảo mỗi khái niệm có một ngoại diên, và nếu bản thân các ngoại diên này là những đối tượng, thì nó đảm bảo cho chúng ta rằng ngoại diên của khái niệm \"( ) là ngoại diên của một khái niệm mà nó không rơi vào\" là một đối tượng; nhưng chính điều này dẫn đến mâu thuẫn.\r\nPhản ứng của Frege với nghịch lí này là loại bỏ việc áp dụng của các khái niệm với những ngoại diên của chúng, kết quả tạo ra sự giới hạn tiên đề (Vc)\r\n(V\'c) Cái gì rơi vào khái niệm F, ngoại trừ ngoại diên của chính nó, rơi vào khái niệm G, và ngược lại, nếu và chỉ nếu các khái niệm F và G có cùng ngoại diên.\r\nTuy nhiên, thật không may, tiên đề này cũng bị thấy tạo ra mâu thuẫn, trong những miền có nhiều hơn một đối tượng; và mặc dù chúng ta không rõ khi nào Frege chấp nhận rằng hệ thống của ông đã sụp đổ một cách không tránh khỏi, tập III theo dự kiến của Grundgesetze không bao giờ được hoàn thành, và đến cuối đời Frege chắc chắn thừa nhận dự án duy logic của ông đã thất bại.\r\nTrong 15 năm cuối cùng ở Jena, Frege xuất bản ít, vì lí do đau buồn cá nhân cũng như thất vọng về mặt học thuật. Các con ruột của ông với vợ, Margaret Lieseburg (sinh năm 1856), đều mất sớm, mặc dù họ nhận một đứa con trai nuôi, Alfred, khoảng năm 1900, vợ ông cũng qua đời năm 1905, bỏ lại ông nuôi đứa con này một mình. Sức khỏe kém cũng ảnh hưởng đến ông trong suốt phần đời còn lại. Tuy nhiên, ông có ảnh hưởng quan trọng đến hai người khác, lúc khởi đầu sự nghiệp triết học của họ, những người đóng vai trò quan trọng trong việc phát triển và truyền bá những ý tưởng của ông. Năm 1911, Wittgenstein, lúc đó là sinh viên ngành khí động học,  đến thăm ông, Wittgenstein đã đọc về những quan điểm của ông trong Phụ lục A của Các nguyên lí của toán học của Russell; và chính Frege là người đã giới thiệu Wittgenstein đến Cambridge để học với Russell. Từ năm 1910 đến 1914, nhiều bài giảng của Frege có sự tham dự của Carnap, lúc đó đang học ở Jena; và Carnap, giống Wittgenstein, không dấu giếm về sự ảnh hưởng của tác phẩm Frege với mình.\r\nFrege về hưu ở Đại học Jena năm 1918, và chuyển đến Bad Kleinen, gần quê Wismar của ông. Trong những năm cuối đời, ông xuất bản một loạt bài báo tên gọi Logical Investigations, thành quả cuối cùng của những nỗ lực suốt đời ông để viết một quyển sách về logic - giải thích những quan điểm của ông, nhất là về chân lí, tư tưởng, Sinn và Bedeutung, bản tính của logic, phép phủ định, và tính tổng quát. Bài đầu trong các bài này, \"Der Gadanke\", lập luận bênh vực quan điểm tính bất khả định nghĩa của chân lí và tính khách quan của tư tưởng, có ảnh hưởng chỉ xếp sau bài \"Về Sinn và Bedeutung\" đối với triết học thời sau. Nhưng Frege không còn sống để thấy ảnh hưởng của ông, hay vui hưởng sự công nhận, cũng như danh tiếng rộng rãi mà các tác phẩm này xứng đáng và cuối cùng được tiếp nhận. Ông qua đời ở tuổi 77 ngày 26 tháng 07 năm 1925.\r\nTrong một ghi chú kèm theo di chúc, để lại các thư từ và bài viết chưa xuất bản của ông cho con trai ông, Alfred, Frege đã viết:\r\nAlfred yêu quí,\r\nĐừng xem thường những gì cha đã viết. Cho dù nếu tất cả không phải là vàng, thì cũng có vàng trong đó. Cha tin có những thứ ở đây một ngày nào đó sẽ được công nhận ở mức cao hơn nhiều so với bây giờ. Hãy giữ gìn để không làm mất thứ gì con nhé.\r\nCha yêu quí của con.\r\nĐây là một phần lớn của chính cha, nay cha để lại nó cho con.\r\nVào năm 1935, Alfred Frege đã trao phần di cảo – Nachlass của Frege cho Heinrich Scholz thuộc Đại học Munchen, người trước đó đã tìm kiếm chúng, Scholz và những cộng sự đã bắt tay vào biên tập chúng để xuất bản. Trong thế chiến II, phần bản gốc được giữ ở University Library cho an toàn, tuy nhiên chúng đã bị bom của phe đồng minh phá hủy vào ngày 25 tháng 03 năm 1945. Mặc dù may mắn là các bản sao đã được thực hiện đối với những gì được cho là quan trọng, Scholz đã sao chép chúng một lần nữa sau thế chiến II để chuẩn bị xuất bản. Nhưng bệnh tật của Scholz khiến cho ông không thể hoàn thành dự án này trước khi qua đời vào năm 1956; mãi đến năm 1969 thì Nachgelassene Schriften mới được xuất bản, được biên tập bởi một nhóm học giả do Hans Hemes lập nên, người kế nhiệm Schloz ở Munchen, và sau đó là một tập thư từ được công bố vào năm 1976. Hơn 50 năm sau khi Frege qua đời, những gì là vàng còn lại mà Frege đã nhắc đến mới xuất hiện, và sự tiên tri của Frege rằng một ngày nào đó nó sẽ được đánh giá cao hơn nhiều so với lúc ông viết chúng đã trở thành hiện thực.\r\n\r\n....................\r\n\r\nGOTTLOB FREGE (1848-1925) là một nhà toán học, logic học và triết học vĩ đại. Là giáo sư toán tại đại học Jena (Đức), ông là sáng tổ của ngành triết học phân tích, triết học ngôn ngữ, và triết học toán học. Mặc dù vậy, tiếc thay, trong các lĩnh vực này rất ít người biết đến các công trình của ông. Thông qua các công trình của Bertrand Russell và Ludwig Wittgenstein, hai khuôn mặt triết gia khổng lồ của thế kỷ 20, thiên hạ mới biết đến tài năng lỗi lạc của ông.\r\n\r\nMối quan tâm chính của Frege là triết học toán học, và tác phẩm Các cơ sở của số học (Die Grundlagen der Arithmetik 1884) chính là một kiệt tác của ông trong lĩnh vực này. Frege bênh vực cho chủ nghĩa duy tâm của Platon, phản đối chủ nghĩa hình thức và chủ nghĩa duy tâm lí trong triết học toán học. Mục tiêu của ông là dựa trên các tiên đề logic để suy ra tất cả các định luật toán học. Nói cách khác, theo Frege, các định luật toán học đều bắt nguồn từ các quy luật logic. Các quy luật logic hoàn toàn khách quan, còn các hiện tượng tâm lí hoàn toàn chủ quan nên chúng không thể là nền tảng cho toán học được. Đây cũng chính là lập trường của Edmund Husserl, cha đẻ của hiện tượng học (phenomenology). Lập trường triết học của Frege nằm trong ba nguyên lí:\r\n\r\n1-Luôn luôn tách bạch một cách phân minh giữa cái tâm lí và cái logic, cái chủ quan và cái khách quan;\r\n\r\n2-Không bao giờ hỏi nghĩa (Bedeutung) của một từ trong cô lập, mà chỉ trong ngữ cảnh của một mệnh đề;\r\n\r\n3-Không bao giờ đánh mất sự phân biệt giữa khái niệm và đối tượng.\r\n\r\nFrege không đơn thuần là một nhà toán học khi ông đặt ra một câu hỏi theo truyền thống triết học Kant: các chân lý số học là tiên nghiệm hay hậu nghiệm? Chúng là những phán đoán phân tích hay tổng hợp?\r\n\r\nLưu ý Frege đang sử dụng các thuật ngữ triết học của Kant, nhưng ông không đồng ý với quan điểm của Kant khi Kant cho rằng các mệnh đề toán học (như 2+2=4) là các mệnh đề tổng hợp tiên nghiệm (a priori synthetic). Quan điểm của Frege là: các chân lý số học, bắt nguồn từ các tiên đề logic, hoàn toàn mang tính tiên nghiệm và phân tích, nghĩa là chúng không lệ thuộc vào kinh nghiệm, thậm chí chúng còn là nền tảng của kinh nghiệm.\r\n\r\nTriết học toán học còn là một chuyên ngành xa lạ trong thị trường triết học tại Việt Nam, vốn xưa nay vẫn chỉ tập trung vào Kant, Hegel, Marx, chủ nghĩa hiện sinh (J.-P. Sartre, Albert Camus), hiện tượng học (Edmund Husserl), chủ nghĩa hậu hiện đại, hay triết học Heidegger, thông diễn học Gadamer, giải cấu trúc Jacques Derrida. Dịch giả Huỳnh Duy Thanh có thể nói là một trong những người đầu tiên tại Việt Nam có công giới thiệu một mảng triết học rất khó nhằn, ngay cả với độc giả phương Tây, là triết học toán và logic, với các công trình phiên dịch Bertrand Russell trước đây. Kiệt tác này của Frege do anh khổ công chuyển ngữ là một đóng góp quan trọng vào kho tàng tư liệu triết học Việt Nam. Thư Hiên Dịch Trường xin trân trọng giới thiệu cùng bạn đọc', '2021-02-23', 145, 'Gottlob Frege', 'ko', 'Tiếng Việt', '14.5 x 20.5 cm', '246', '450.00', 'Bìa mềm', NULL, NULL, 10, 6),
(24, 'Kiến Thức - Kinh Nghiệm - Kỹ Năng Trong Cho Vay Và Xử Lý Nợ', 139, '1697258945_372794_kien-thuc-kinh-nghiem-ky-nang-trong-cho-vay-va-xu-ly-no.jpg', 'Tác giả Nguyễn Tấn Lộc', 'Kiến thức - Kinh nghiệm - Kỹ năng cho vay và xử lý nợ.\r\n\r\nSách ra đời bởi 3 câu hỏi rất lớn chính là:\r\n- TẠI SAO sinh viên không được tiếp cận kiến thức thực tế đang diễn ra tại các ngân hàng?\r\n\r\n- AI sẽ là người hướng dẫn tận tình các em sinh viên mới đi làm?\r\n\r\n- TẠI SAO phải là trình độ thạc sĩ, tiến sĩ,...mới có thể viết và xuất bản sách chuyên ngành mà đó không phải là một Cử Nhân\r\n\r\n\"Đây là quyển sách tâm huyết của tôi được đúc kết lại những kinh nghiệm thực tế hơn 12 năm công tác tại các ngân hàng. Sách này không chỉ dành cho các bạn đang, đã làm ngân hàng, sinh viên khối kinh tế, phòng kế toán công nợ công ty MÀ CÒN cho những ai sắp, đã, đang vay vốn để có được kiến thức về ngân hàng\" Tác giả: Nguyễn Tấn Lộc - CEO Công ty TNHH Tư Vấn Đầu Tư Và Phát Triển Lộc Nhân', '2023-03-02', 110, 'Nguyễn Tấn Lộc', '74/QĐ-NXBTC', 'Tiếng Việt', '14.5 x 20.5 cm', '213', '300.00', 'Bìa mềm', NULL, NULL, 10, 6);
INSERT INTO `sach` (`id`, `ten`, `gia`, `hinhanh`, `nhaphathanh`, `mota`, `date`, `giakhuyenmai`, `tacgia`, `giayphep`, `ngonngu`, `kichthuoc`, `sotrang`, `khoiluong`, `dinhdang`, `created_at`, `updated_at`, `idnhaxb`, `id_theloai`) VALUES
(25, 'Lịch Sử Israel - Câu Chuyện Về Sự Hồi Sinh Của Một Dân Tộc', 389, '1697259259_372864_lich-su-israel-cau-chuyen-ve-su-hoi-sinh-cua-mot-dan-toc.jpg', 'Alpha books', 'Lịch Sử Israel - Câu Chuyện Về Sự Hồi Sinh Của Một Dân Tộc\r\n\r\nMẶC DÙ LÀ CÂU CHUYỆN VỀ ĐẤT NƯỚC, nhưng câu chuyện về Israel cũng là câu chuyện về một cuộc cách mạng. Chủ nghĩa phục quốc Do Thái là phong trào cam kết thay đổi điều kiện sinh tồn của người Do Thái. Những người theo chủ nghĩa này khẳng định đã đến lúc dân tộc họ phải được hồi sinh.\r\n\r\nTheo nhiều cách, chủ nghĩa phục quốc Do Thái là cuộc nổi dậy chống lại đạo Do Thái xưa cũ.Khi người Do Thái tại châu Âu liên tục bị tấn công và bị gạt sang bên lề, các lãnh tụ của chủ nghĩa phục quốc Do Thái cho rằng mặc dù người châu Âu rõ ràng là kẻ đáng trách nhưng người Do Thái cũng không hơn.Đã đến lúc họ từ chối việc trở thành nạn nhân, chấp nhận sống ở bất cứ nơi nào có thể gọi là quê hương cho đến khi bị nước sở tại quyết định trục xuất hoặc giết hại.Nước Anh trục xuất người Do Thái năm 1290; Tây Ban Nha cũng làm vậy vào năm 1492. Và sau đó là phong trào bài Do Thái đầy bạo lực tại châu Âu.Trong khi đó, các lãnh tụ của chủ nghĩa phục quốc Do Thái phàn nàn rằng người Do Thái vẫn thụ động, yếu đuối, sợ hãi và thu mình vào các kinh văn cổ xưa đầy linh thiêng thay vì tự bảo vệ và tự quyết định số phận của mình.\r\n\r\nNhiều nhà tư tưởng của chủ nghĩa phục quốc Do Thái trong thời kỳ đầu cho rằng đó là điều cần thay đổi.Thật khó để phóng đại lòng nhiệt thành cách mạng của họ. Theo nhiều cách khác nhau, chủ nghĩa này liên quan đến việc cắt đứt các mối liên hệ của người Do Thái với những gì đã xảy ra trước đó. Dân tộc Do Thái đã tuyệt vọng đến mức tạo ra một kiểu người Do Thái mới mà thậm chí đã đổi cả tên của mình.Bốn thủ tướng đầu tiên của Israel là trường hợp điển hình.David Ben-Gurion tên khai sinh là David Gruen.Moshe Sharett tên khai sinh là Moshe Shertok;Levi Eshkol ban đầu là Levi Shkolnik.Golda Meir (nữ thủ tướng đầu tiên của Israel) từng là Golda Meyerson.Đổi tên là cách để nói rằng ‘không liên quan gì nữa’ – rằng đó là lúc cần có thế giới quan Do Thái mới, thể chất Do Thái mới, tổ quốc Do Thái mới, những cái tên Do Thái mới.Đã đến lúc xuất hiện một lớp ‘người Do Thái mới’, một dân tộc Do Thái tái sinh.\r\n\r\nTại Nhà nước Israel, lớp người ấy đã xuất hiện.Trên thực tế, nhiều hình thức của người Do Thái mới đã lộ diện.Điều khiến Israel trở nên hấp dẫn một phần chính là nhờ cuộc bàn luận đang diễn ra về những gì đạo Do Thái và người Do Thái nên trở thành và đang trở thành. Đôi khi, cuộc trò chuyện đó lịch sự và dè dặt;đôi khi, nó nổ ra thành những trận chiến nảy lửa trên nhiều mặt trận chính trị của Israel.Dù cay độc, nhưng trên mặt trận đó, chủ nghĩa phục quốc Do Thái đã thành công – và đáng ngưỡng mộ. Người Do Thái ngày nay không còn là những người châu Âu rúm ró, đầy sợ hãi của thời kỳ trước. Việc chủ nghĩa phục quốc Do Thái đã thành công trong việc tạo ra người Do Thái mới là điều không thể nghi ngờ.\r\n\r\nChủ nghĩa phục quốc Do Thái cũng là cuộc cách mạng nhằm khắc phục khả năng rất cao rằng vẫn còn những người Do Thái không còn nơi nào trên Trái Đất để gọi là quê hương.Khi châu Âu vào giữa thế kỷ XX bùng nổ cơn hận thù diệt chủng lên đến cực điểm, nhiều người Do Thái đã không còn nơi nào để chạy trốn.Hoa Kỳ đã đóng cửa biên giới. Canada cũng làm vậy. Người Anh đã chặn những người Do Thái tìm cách đến Palestine. Những chiếc tàu chở hàng trăm người Do Thái căng buồm trên biển, tìm kiếm nơi cập bến trong tuyệt vọng, và thường không thành công.Đôi khi, những con tàu khởi hành từ châu Âu chở đầy người Do Thái chạy trốn khỏi cuộc thảm sát diệt chủng Holocaust phải quay trở lại châu Âu, hoặc bị tàu đối phương cố tình đánh chìm, đơn giản vì không ai cần ‘những kẻ Do Thái cặn bã’. Chủ nghĩa phục quốc Do Thái đã quyết tâm thay đổi điều đó; cam kết về một thế giới mà ở đó, người Do Thái sẽ không bao giờ trở thành người vô tổ quốc nữa.Việc xây dựng Israel đã từ giấc mơ trở thành hiện thực.\r\n\r\nSau nhiều thế kỷ người Do Thái mòn mỏi sống lưu vong, chủ nghĩa phục quốc Do Thái ưu tiên việc khôi phục dân tộc trên bình diện phong phú về văn hóa, điều mà họ có được khi sống ở quê cha đất tổ, nói ngôn ngữ riêng, [và] tự vạch ra lộ trình tương lai của chính mình.Nếu người Do Thái đã bị phân tán đến nơi mà nghi thức tế lễ của họ gọi là ‘bốn góc của Trái Đất’, những người theo chủ nghĩa phục quốc Do Thái hi vọng sẽ tập hợp dân tộc mình lại với nhau một lần nữa.Nếu hàng thiên niên kỷ lưu đày đã làm suy tàn tiếng Do Thái, vốn từng được sử dụng và đầy sống động, thành thứ ngôn ngữ chỉ được sử dụng cho các kinh văn thiêng liêng và việc thờ phụng, thì chủ nghĩa phục quốc Do Thái sẽ thổi luồng sinh khí mới vào thứ ngôn ngữ cổ xưa đó. Dân tộc Do Thái sẽ sáng tạo nên âm nhạc, mỹ thuật, văn chương và thơ ca như tất cả các dân tộc khác.Họ sẽ có nền văn hóa tinh hoa và nền văn hóa đại chúng. Người Do Thái sẽ sống trong những thành phố mà tổ tiên của họ đã từng biết, sẽ đi trên những con đường đã từng là quê hương của các bậc tiền bối trong Kinh Thánh.Các nhà lãnh tụ Do Thái sẽ hoạch định chính sách về chiến tranh và hòa bình, kinh tế, chăm sóc sức khỏe và sự nhập cư. Chủ nghĩa phục quốc Do Thái đã thành công trong tất cả những phương diện đó đó, và hơn thế nữa.\r\n\r\nCách Israel phản ánh sự hồi sinh này của người Do Thái là một phần trong câu chuyện mà cuốn sách này sẽ kể.\r\n\r\nĐÁNH GIÁ/NHẬN XÉT CHUYÊN GIA\r\n\r\n‘Giống như chính Israel, cuốn sách của Daniel Gordis thật táo bạo, sâu sắc và độc đáo.Nó kể câu chuyện đầy ngoạn mục về khối cộng đồng thứ ba của người Do Thái từ thuở sơ khai cho đến ngày nay.Bất kỳ ai quan tâm đến lịch sử của chủ nghĩa phục quốc Do Thái sẽ tìm thấy lượng thông tin vô giá và sự hiểu thấu đầy sâu sắc trong cuốn sách rất cần thiết, công bằng và cân bằng này’.\r\n\r\n– Ari Shavit, tác giả cuốn sách Miền đất hứa của tôi\r\n\r\n‘Daniel Gordis đã viết nên lịch sử chói lọi kể về câu chuyện của Israel, không chỉ thông qua các chính khách và chiến binh mà còn thông qua các nghệ sĩ, nhà văn và nhà thơ của đất nước này.Gordis chỉ ra cho chúng ta linh hồn của Israel, và giúp giải thích lý do tại sao đất nước bị thù ghét nhất hành tinh này cũng là một trong số những quốc gia được yêu mến nhất’.\r\n\r\n– Yossi Klein Halevi, tác giả cuốn sáchLike Dreamers: The Story of the Israeli Paratroopers Who Reunited Jerusalem and Divided a Nation\r\n\r\n‘Là sự tường thuật đầy hấp dẫn, dễ tiếp cận, mang phong cách riêng và thông minh về câu chuyện phức tạp, bất kỳ ai muốn hiểu về nơi phức tạp này của thế giới đều nên đọc cuốn sách này’.\r\n\r\n– Deborah E. Lipstadt, Giáo sư về Lịch sử Do Thái hiện đại và Nghiên cứu về cuộc thảm sát diệt chủng Holocaust tại Đại học Emory, tác giả của cuốn sáchDenial: Holocaust History on Trial\r\n\r\n‘Gordis nắm bắt được bản chất của các vấn đề: Israel là gì, quốc gia này đến từ đâu và tại sao nhà nước Do Thái sẽ - và phải - tiếp tục tồn tại.Bây giờ, khi được hỏi: ‘Có cuốn sách nào về Israel để đọc không?’,tôi đã có câu trả lời.\r\n\r\n– Đại sứ Dennis Ross, Điều phối viên đặc biệt về Trung Đông dưới thời Tổng thống Bill Clinton, và là tác giả của các cuốn sáchThe Missing Peace: The Inside Story of the Fight for Middle East Peace và Doomed to Succeed: The U.S.–Israel Relationship from Truman to Obama\r\n\r\n‘Lịch sử của Israel được cho là câu chuyện vĩ đại nhất của thời hiện đại, và việc kể về nó một cách cô đọng, hấp dẫn là một thành tựu đáng chú ý. Daniel Gordis đã làm được điều này, và hơn thế nữa, ông đã tái hiện lịch sử Israel bằng một thứ văn xuôi phong phú, những hiểu biết sâu sắc, và niềm đam mê.Cuốn sách của ông sẽ trở thành nguồn tài liệu thiết yếu cho các nhà nghiên cứu, sinh viên và các nhà hoạch định chính sách’.\r\n\r\n– Michael Oren, cựu Đại sứ Israel tại Hoa Kỳ, tác giả của các cuốn sáchSix Days of War: June 1967 and the Making of the Modern Middle East và Ally: My Journey Across the American-Israeli Divide\r\n\r\n‘Từ lúc bên bờ diệt vong cho đến khi phục hưng, trong hoàn cảnh lịch sử phức tạp, đa diện, được nén chắt và đầy đau thương của Israel, Daniel Gordis đã biến nỗi sợ hãi thành sự phức tạp trong việc xây dựng kiểu xã hội Do Thái mới.Từ giấc mơ không bị tan biến, quốc gia mới tự suy ngẫm về bản thân nó trên bình diện tinh thần và trí tuệ, trở thành quốc gia đã chinh phục các đầm lầy, sa mạc và cầm vũ khí hết lần này đến lần khác vì không bao giờ có thể lựa chọn quay lại. Cuốn sách Israel là lời nhắc nhở đặc biệt rằng Israel, xứ sở với ngôn ngữ mới, nền văn hóa thế tục và những thành tựu vô song, thật sự là điều kỳ diệu do con người tạo ra’.\r\n\r\n– Talia Carner, tác giả của các cuốn sáchHotel Moscow và Jerusalem Maiden\r\n\r\n‘Cuối cùng thì đây – sự tường thuật đầy nhạy cảm, được viết ra một cách trang nhã và công bằng về chiến thắng và những khổ nạn của Nhà nước Israel’.\r\n\r\n– David Wolpe, giáo sĩ Do Thái tại Đền Sinai, Los Angeles, tác giả của các cuốn sáchDavid: The Divided Heart và Making Loss Matter\r\n\r\n‘Daniel Gordis kết hợp tri thức bách khoa với tài năng viết lách của tiểu thuyết gia. Ông khiến những sự kiện lịch sử phức tạp trở nên dễ tiếp cận khi lướt qua toàn bộ lịch sử của Israel, giải thích cách thức và lý do tại sao việc xây dựng lại nhà nước Do Thái trong thế kỷ XX đã vĩnh viễn thay đổi lịch sử của người Do Thái.Israel: Lược sử về sự hồi sinh quốc gia là cuốn sách thực sự quan trọng’.\r\n\r\n– Rabbi Joseph Telushkin, tác giả của các cuốn sáchJewish Literacy, A Code of Jewish Ethics, và Rebbe\r\n\r\n‘Gordis dệt nên giai thoại với sự phán xét lịch sử, và sử dụng hiệu quả cả những nguồn tư liệu lẫn các dẫn nhập về các đặc tính giúp hình thành nên Israel để phản ánh về lịch sử, chính trị và đặc biệt là tâm hồn của Israel.Israel: Lược sử về sự hồi sinh quốc gia rất sống động, rõ ràng và tràn đầy trí tuệ‘.\r\n\r\n– Ilan Troen, Chủ tịch Hiệp hội Nghiên cứu về Israel.', '2023-03-02', 331, 'Daniel Gordis', 'ko', 'Tiếng Việt', '24 x 16 x 1.8 cm', '600', '1200.00', 'Bìa cứng', NULL, NULL, 12, 6),
(26, 'Tạp chí Forbes - Số 109 (Tháng 9/2022)', 95, '1697259487_372868_tap-chi-forbes-so-109-thang-92022.jpg', 'Forbes Vietnam', '12tháng trước cả Việt Nam căng mình đối phó với đại dịch COVID-19. TP.HCM và vùng phụ cận bị tổn thương nặng nề, cả xã hội căng thẳng trong trạng thái giãn cách ai ở đâu ngồi yên ở đó. Hệ thống y tế quá tải, các bệnh viện chật kín bệnh nhân. Lực lượng y tế tuyến đầu luôn làm việc trong trạng thái căng thẳng, kiệt sức. Các khu công nghiệp hoặc đóng cửa hoặc thực hiện sản xuất ba tại chỗ cầm chừng. Hoạt động giao thông, vận chuyển hàng hóa giữa các địa phương trên cả nước gần như phong tỏa hoàn toàn nhằm ngăn chặn nguy cơ bùng phát dịch bệnh. Tâm lý nặng nề bao trùm lên gần 100 triệu người dân Việt Nam.\r\n\r\nThời điểm đó, những ai lạc quan nhất cũng không thể mường tượng nửa năm sau đó Việt Nam tự tin mở cửa biên giới, khôi phục du lịch quốc tế, các sự kiện kinh tế, văn hóa, thể thao diễn ra bình thường. Trong vòng nửa năm từ khi đại dịch bùng phát lần thứ tư, từ một quốc gia có tỉ lệ tiêm chủng thuộc hàng thấp nhất, Việt Nam trở thành một trong các quốc gia có độ phủ vaccine cao hàng đầu thế giới để tự tin mở cửa khôi phục nền kinh tế. Điều gì đã tạo ra sự thay đổi ngoạn mục này?\r\n\r\nCó nhiều lý do. Tại thời khắc tưởng chừng đen tối nhất, chiến lược ngoại giao vaccine của Việt Nam đã tiếp sức cho các nhóm dễ bị tổn thương nhất trong xã hội. Sau đó việc tuyên truyền về dịch bệnh và chiến dịch tiêm chủng vaccine rộng khắp trên toàn quốc, đặc biệt sự hợp tác của người dân đã giúp Việt Nam đi sau nhưng về trước trong mục tiêu phủ vaccine.\r\n\r\nLoài người từng không ít lần chao đảo vì đại dịch. Nhưng bằng thiên tính của loài mạnh nhất, con người luôn vượt qua và ngày càng trở nên mạnh hơn nhờ khả năng thích ứng và học hỏi. Chúng ta có thể rút ra điều gì sau đại dịch? Đó là sức mạnh của y tế dự phòng (tuyên truyền, tiêm chủng, ngăn ngừa dịch bệnh bùng phát) khi hệ thống điều trị chữa trị (bệnh viện, nhân lực y tế, dược phẩm) hiện tại chỉ có khả năng đáp ứng một phần nhỏ nhu cầu xã hội trong các cuộc khủng hoảng lớn về y tế như COVID-19.\r\n\r\nVì vậy, con số phân bổ 15% chi tiêu y tế cho y tế dự phòng hiện nay là bất đối xứng so với con số 85% dành cho điều trị. Bởi lẽ, 1 đồng đầu tư cho phòng bệnh có thể hiệu quả tương đương 10 đồng cho điều trị. Đại dịch mang đến những rủi ro nhưng cũng là cơ hội để y tế Việt Nam phân bổ lại nguồn lực, đổi mới cách thức chăm sóc sức khỏe xã hội một cách hiệu quả, ứng phó tốt hơn với những cuộc khủng hoảng y tế có thể xuất hiện trong tương lai.', '2023-03-02', 90, 'Nhiều tác giả', '370/GP-BTTTT cấp ngày 05/07/2016', 'Tiếng Việt', '20.5 x 27 cm', '115', '250.00', 'Bìa mềm', NULL, NULL, 9, 7),
(27, 'Tạp chí Forbes - Số 108 (Tháng 8/2022)', 95, '1697259685_372868_tap-chi-forbes-so-109-thang-92022.jpg', 'Forbes Vietnam', 'Tạp chí Forbes Việt Nam số 108:\r\nDanh sách 25 thương hiệu công ty dẫn đầu lĩnh vực F&B\r\n\r\nĐây là năm thứ bảy Forbes Việt Nam tính toán giá trị thương hiệu các công ty và năm thứ hai việc tính toán thương hiệu công ty phân chia theo lĩnh vực. Năm 2022 chúng tôi thực hiện tính toán danh sách công ty trong lĩnh vực thực phẩm và đồ uống (F&B).\r\n\r\nNhìn vào kết quả dường như có hai vấn đề. Thứ nhất, so với lần tính toán định lượng gần nhất, giá trị một số thương hiệu hàng đầu Việt Nam trong lĩnh vực F&B lần đầu tiên suy giảm. Thứ hai, một số công ty tư nhân lớn có giá trị thương hiệu dường như khiêm tốn so với độ phủ của sản phẩm và vị thế trên thị trường.\r\n\r\n12 tháng trước đây chúng ta sống trong trạng thái phong tỏa, giãn cách xã hội khi các ca lây nhiễm COVID-19 liên tục lập đỉnh mới. Vì vậy, trừ một số ngành hàng thiết yếu, kết quả kinh doanh của phần lớn doanh nghiệp lớn trong lĩnh vực F&B năm 2021 đi lùi, kéo giá trị thương hiệu công ty suy giảm. Mặt khác, các công ty tư nhân lớn quản trị theo mô hình gia đình, có truyền thống ghi nhận lợi nhuận khiêm tốn, đã ảnh hưởng lên giá trị thương hiệu của công ty.\r\n\r\nNhưng đại dịch COVID-19 cũng mang đến những thay đổi tích cực. Hơn hai năm chịu ảnh hưởng mạnh mẽ của đại dịch, người tiêu dùng hình thành các thói quen mới: giao tiếp trên không gian số, mua sắm trực tuyến nhiều hơn, nhạy cảm hơn về giá, quan tâm nhiều hơn đến sức khỏe. Hành vi khách hàng thay đổi buộc các doanh nghiệp phải định hình lại chiến lược xây dựng thương hiệu, chuyển đổi số quyết liệt hơn. Các thương hiệu lâu năm sẽ đứng trước sức ép tự làm mới mình, tạo các cảm xúc mới giữ chân khách hàng, trong khi các thương hiệu mới với cách tư duy cởi mở có thể sử dụng nền tảng số để rút ngắn khoảng cách với những người khổng lồ.\r\n\r\nCÂU CHUYỆN TRANG BÌA\r\n\r\nThương hiệu mì gói quốc dân\r\n\r\nAcecook Việt Nam duy trì vị thế dẫn đầu thị trường mì gói với số lượng tiêu thụ vượt 30 tỉ gói, biến Hảo Hảo thành thương hiệu mì quốc dân. Bí quyết kinh doanh của nhà sản xuất đến từ xứ sở hoa anh đào: pha trộn giữa công nghệ sản xuất Nhật Bản và hương vị Việt Nam. – Giang Thanh\r\n\r\nThương hiệu tỉnh thức\r\n\r\nTrung Nguyên Legend, thương hiệu cà phê phổ biến hàng đầu Việt Nam đang tiếp tục hành trình định vị thương hiệu theo cách thuyết phục người dùng về “lối sống tỉnh thức”. – Khổng Loan\r\n\r\nGiai nhân tỉnh lẻ\r\n\r\nChỉ phát triển một dòng sản phẩm và tập trung cải tiến chất lượng, Vinasoy dẫn đầu thị trường sữa đầu nành đóng hộp khi cứ 10 hộp sữa đậu nành được tiêu thụ có ít nhất tám hộp từ thương hiệu này. – Tạ Hồng Phúc\r\n\r\nMua sắm 15 giây\r\n\r\nTikTok – từ nền tảng video âm nhạc và mạng xã hội – đang tạo nên cuộc đua mới trong mảng thương mại điện tử với cách thu hút và tạo trải nghiệm mua hàng khác biệt bằng TikTok Shop. - Trọng Nam\r\n\r\nSàn diễn “trên mây”\r\n\r\nTiếp thị thông qua người ảnh hưởng đang được doanh nghiệp chọn làm chiến thuật thu hút các “công dân thế hệ số”, nhóm dân số sẽ chiếm khoảng 40% tổng lượng tiêu dùng của Việt Nam vào năm 2030. – Tạ Hồng Phúc\r\n\r\nMở hộp đồ nam\r\n\r\nStartup non trẻ Coolmate đi vào thị trường ngách với đồ nam cơ bản và chọn cách vận hành – quảng bá thương hiệu chỉ trên kênh trực tuyến. - Trọng Nam\r\n\r\nHồi sinh “quả dứa”\r\n\r\nTừ một nhãn hiệu sắp bị khai tử, Nguyễn Hoàng Dương vực dậy Ananas theo cách làm thương hiệu riêng để bán 240 ngàn đôi giày mỗi năm. - Minh Tâm\r\n\r\nBí ẩn chiếc nón hồng\r\n\r\nBền bỉ suốt 26 năm đưa Nón Sơn thành thương hiệu quen thuộc với người tiêu dùng nhưng câu chuyện về những người sáng lập Nón Sơn vẫn luôn “bí ẩn” với thị trường. - Tạ Hồng Phúc\r\n\r\nThách thức tầm vóc\r\n\r\nXuất khẩu hàng dệt may mỗi năm đạt kim ngạch hàng chục tỉ đô la Mỹ đến nhiều thị trường thế giới nhưng Việt Nam vẫn thiếu các thương hiệu thời trang chinh phục được số đông người dùng. - Minh Tâm\r\n\r\nDANH SÁCH\r\n\r\nGIÀU NHẤT THÁI LAN\r\n\r\nThái Lan đang đón khách du lịch trở lại, nhưng làn sóng phục hồi vẫn chưa lan đến những người giàu nhất quốc gia, nhóm người có tổng khối tài sản giảm gần 6% so với một năm trước.\r\n\r\nNỮ DOANH NHÂN QUYỀN LỰC CHÂU Á\r\n\r\nHậu đại dịch, TMC Life Sciences tái tập trung nỗ lực xây dựng bệnh viện tư nhân của Malaysia trở thành công ty hàng đầu về chăm sóc sức khỏe trong khu vực. - Danielle Keeton–Olsen\r\n\r\n100 PHỤ NỮ TỰ LẬP GIÀU NHẤT NƯỚC MỸ\r\n\r\nNation của Paige Mycoskie khởi sắc trong đại dịch khi thanh thiếu niên chơi TikTok lùng mua chiếc quần thể   thao 160 đô la Mỹ và áo hoodie có khóa kéo 190 đô la Mỹ. Người sáng lập công ty vừa trở thành một trong những phụ nữ tự lập giàu nhất Hoa Kỳ.\r\n\r\nDOANH NHÂN\r\n\r\nAn Yên Cuối Đời\r\n\r\nTừ người buôn rượu, Keiichi Shibahara trở thành doanh nhân xây dựng Amvis, công ty cung cấp dịch vụ an dưỡng cuối đời có giá trị nhất Nhật Bản. - James Simms\r\n\r\nSát Thủ Của Tiền Mặt\r\n\r\nVới nguồn vốn mới, công ty fintech về thanh toán PayMongo đang hỗ trợ các doanh nghiệp nhỏ của Philippines tiến vào nền kinh tế kỹ thuật số. - Catherine Wang\r\n\r\nCHIẾN LƯỢC\r\n\r\nGừng Già Càng Cay\r\n\r\nỞ tuổi 60, Giuseppe Crippa đồng ý nhận gói thôi việc tự nguyện và khởi đầu hành trình chế tạo thiết bị kiểm tra các vi mạch.\r\n\r\nĐIỀU TRA\r\n\r\nLàm Gương Cho Trường\r\n\r\nMột trường đại học phi lợi nhuận ít được biết đến ở California đang sinh lợi nhuận và mở rộng ra toàn quốc bằng ý tưởng hoạt động vì lợi nhuận. Những trường còn lại trong hệ thống giáo dục đại học nên tham khảo.', '2022-03-23', 90, 'Nhiều tác giả', '370/GP-BTTTT cấp ngày 05/07/2016', 'Tiếng Việt', '20.5 x 27 cm', '115', '250.00', 'Bìa mềm', NULL, NULL, 9, 7),
(28, 'Tạp chí Forbes - Số 107 (Tháng 7/2022)', 95, '1697259880_370561_tap-chi-forbes-so-107-thang-72022.jpg', 'Forbes Vietnam', 'Forbes Việt Nam cung cấp những thông tin và góc nhìn sâu sắc về doanh nghiệp và môi trường kinh doanh, hướng tới đối tượng lãnh đạo doanh nghiệp và cộng đồng doanh nhân. Nội dung của Forbes Việt Nam được thực hiện bởi đội ngũ phóng viên kinh tế, kinh doanh hàng đầu Việt Nam, kết hợp với các phóng viên, cộng tác viên trong khu vực và quốc tế.\r\n\r\nForbes Việt Nam là ấn bản kinh doanh cao cấp, giải pháp truyền thông tối ưu để các công ty và thương hiệu tiếp cận với tập khách hàng cao cấp. Bạn đọc của Forbes đa phần là lãnh đạo chủ chốt hoặc bạn đọc trẻ có mức thu nhập khá của tất cả các ngành hàng tiêu dùng.', '2022-03-23', 90, 'Nguyễn Nhật Ánh', '370/GP-BTTTT cấp ngày 05/07/2016', 'Tiếng Việt', '20.5 x 27 cm', '112', '400.00', 'Bìa mềm', NULL, NULL, 9, 7),
(29, 'Forbes Việt Nam - Số 106 (Tháng 6/2022)', 95, '1697260246_370123_forbes-viet-nam-so-106-thang-62022.jpg', 'Forbes Vietnam', '10 năm là khoảng thời gian tương đối dài để đánh \r\n\r\ngiá những sự thay đổi. Vào năm 2013, Forbes Việt \r\n\r\nNam lần đầu tiên thực hiện Danh sách 50 công ty \r\n\r\nniêm yết tốt nhất và bạn đọc đang cầm trên tay \r\n\r\nấn phẩm mới nhất với danh sách lần thứ 10. Qua \r\n\r\nmột thập niên, có 138 doanh nghiệp được vinh danh nhưng chỉ có chín công ty có mặt đầy đủ tất cả 10 lần. Sự thay đổi lớn nhất qua thời gian là những lĩnh vực như cao su tự nhiên, dịch vụ dầu khí, khai thác khoáng sản, các đại diện ít ỏi dần hoặc biến mất, trong khi các lĩnh vực dịch vụ tài chính, bất động sản, sản xuất… số \r\n\r\nđại diện ngày càng nhiều hơn. Cơ cấu doanh nghiệp trong danh sách cũng phần nào phản ánh cơ cấu \r\n\r\nnền kinh tế Việt Nam đang dịch chuyển từ những ngành khai thác tài nguyên thô và thâm dụng lao \r\n\r\nđộng sang lĩnh vực dịch vụ, sản xuất có hàm lượng chất xám và kỹ thuật cao hơn.\r\n\r\nDo đại dịch COVID-19, năm qua một số ngành được hưởng lợi đột biến từ giãn cách xã hội, sự rối loạn của chuỗi cung ứng và logistics, giá nguyên liệu hàng hóa tăng cao. Những sắc màu này được thể hiện trong danh sách khi ghi nhận chín công ty mới lần đầu tiên xuất hiện.\r\n\r\n Một lát cắt khác cho thấy những sự thay đổi, sự lớn mạnh của các công ty niêm yết và cả nền kinh tế Việt Nam sau một thập niên. Trong Danh sách 50 công ty niêm yết đầu tiên của Forbes Việt Nam, “CLB các công ty tỉ đô” chỉ có sáu cái tên nhưng trong danh sách năm 2022 có 22 công ty vốn hóa trên một tỉ đô la Mỹ. Tổng lợi nhuận của các công ty trong danh sách lần thứ 10 đạt hơn 193 ngàn tỉ đồng, tăng bốn lần so với danh sách lần đầu tiên. Tổng doanh thu của các công ty trong danh sách năm 2022 gấp ba lần tổng doanh thu của danh sách năm 2013.\r\n\r\nẢnh hưởng từ đại dịch COVID-19, con tàu kinh tế Việt Nam tăng trưởng 2,58% trong năm 2021, thấp nhất kể từ khi nền kinh tế mở cửa hội nhập. Đại dịch mang đến thách thức đồng thời mở ra các cơ hội khi thị trường phân chia lại. Điều này buộc các doanh nghiệp thích ứng, linh hoạt chuyển đổi phù hợp khi môi trường \r\n\r\nkinh doanh và cả thói quen người tiêu dùng thay đổi. Nền kinh tế Việt Nam và các doanh nghiệp niêm yết trong danh sách, các hạt nhân ưu tú nhất của nền kinh tế đứng trước thách thức và cơ hội tự làm mới bản thân để tìm kiếm các động lực tăng trưởng mới.', '2023-03-23', 90, 'Nhiều tác giả', '370/GP-BTTTT', 'Tiếng Việt', '20.5 x 27 cm', '128', '250.00', 'Bìa mềm', NULL, NULL, 9, 7),
(30, 'Vô Cùng Tàn Nhẫn Vô Cùng Yêu Thương - Tập 4', 149, '1697260558_372407_vo-cung-tan-nhan-vo-cung-yeu-thuong-tap-4.jpg', 'Alpha books', 'Vô cùng tàn nhẫn vô cùng yêu thương 4 là những chia sẻ của Sara Imas trong việc bồi dưỡng trí tuệ tài chính cho con trẻ, đúc kết từ những kiến thức quý giá trong nuôi dạy con của hai dân tộc Israel và Trung Quốc, các quan sát từ những gia đình xung quanh và việc áp dụng trong chính gia đình mình.\r\n\r\nNội dung chính được chia thành 4 phần, với 4 giai đoạn:\r\n\r\nGiai đoạn thứ nhất: Nhận thức về tiền, bồi dưỡng cho trẻ quan niệm đúng đắn về tiền.\r\n\r\nNội dung phần này nhấn mạnh các phương pháp giúp trẻ dần hình thành ý thức về việc “tiền có thể mua được hàng hóa”. Các phương pháp cụ thể gồm: biết cách đòi hỏi hợp lý từ trẻ chứ không chỉ để trẻ đòi hỏi từ mình; không né tránh việc nói về tiền mà cho trẻ chơi các trò chơi đơn giản nhưng có khả năng kích thích tư duy về tài chính ở trẻ; bồi dưỡng sự quan tâm của trẻ đối với các con số và logic ngay từ nhỏ; để trẻ trải nghiệm hoặc tìm hiểu về công việc kiếm tiền của cha mẹ, từ đó giúp trẻ hiểu được giá trị của đồng tiền.\r\n\r\nGiai đoạn thứ hai: Khả năng quản lý tiền bạc, để trẻ làm “chủ nhân nhỏ” của tiền bạc.\r\n\r\nỞ giai đoạn này, các phương pháp được đẩy lên bước cao hơn, thông qua việc để trẻ tiếp xúc trực tiếp với tiền thật, được tự mình quản lý tài chính của mình (dù còn ít ỏi). Cụ thể, tác giả đưa ra những cách để phụ huynh giúp con quản lý tiền tiêu vặt; mở tài khoản ngân hàng cho con; dạy trẻ phân biệt giữa “muốn” và “cần”; cách giáo dục để trẻ trong gia đình khá giả không trở thành “phá gia chi tử”, hay trẻ trong gia đình còn khó khăn biết cách vươn lên; cách cân bằng giữa của cải vật chất và của cải tinh thần.\r\n\r\nGiai đoạn thứ ba: Khả năng kiếm tiền, bồi dưỡng đầu óc kinh doanh của trẻ ngay từ khi còn nhỏ.\r\n\r\nỞ giai đoạn này, tác giả chia sẻ những quan điểm và phương pháp giúp trẻ tiến lên một bước cao hơn nữa: tự mình kiếm tiền. Các nội dung khai thác cụ thể gồm việc tận dụng các cơ hội kinh doanh dù là nhỏ nhất; kiếm tiền bất kể tuổi tác; tận dụng trí sáng tạo để kiếm tiền; luôn trau dồi tư duy “tiền đẻ ra tiền”.\r\n\r\nGiai đoạn thứ tư: Kiến thức làm giàu, giúp con trẻ không chỉ giàu có về vật chất mà còn giàu có về cảm xúc.\r\n\r\nCân bằng với giáo dục về tài chính, tác giả nhấn mạnh tầm quan trọng của việc bồi dưỡng trí tuệ cảm xúc ở trẻ trước hết. Cụ thể, tác giả khai thác các khía cạnh như tinh thần đồng đội; giá trị của sức khỏe; giá trị của gia đình; cân bằng giữa đầu tư/làm giàu với an toàn tài chính cho gia đình…\r\n\r\nVề tác giả\r\n\r\nSara Imas là hậu duệ của những người Do Thái đã đến định cư lâu đời tại Thượng Hải. Bà sinh được ba người con: hai trai, một gái. Sau khi quan hệ Trung Quốc-Israel được xác lập, trước tiếng gọi trở về cố quốc, bà đã từ bỏ cuộc sống phồn hoa nơi Thượng Hải và đưa con trở về Israel – nơi người dân đang ngày ngày phải sống giữa khói lửa chiến tranh – để rồi bắt đầu trải nghiệm giáo dục “đa quốc gia” đặc biệt của mình. Đúc rút những bài học từ chính bản thân, Sara Imas đã viết sách và tham gia nhiều hoạt động giao lưu nhằm chia sẻ với các bậc cha mẹ về nhiều phương diện khác nhau trong việc dạy con cái, được hoan nghênh và đón nhận rộng rãi ở Trung Quốc. Bộ sách nổi tiếng Vô cùng tàn nhẫn vô cùng yêu thương của bà cũng thuộc những đầu sách được tìm đọc của rất nhiều phụ huynh Việt Nam.', '2023-03-02', 127, 'Sara Imas', '777/QĐXB/NXBDT ngày 19/04/2022', 'Tiếng Việt', '20.5 x 13 x 1 cm', '332', '400.00', 'Bìa mềm', NULL, NULL, 12, 8),
(31, 'Được Nuôi Bởi Mẹ, Được Dạy Bởi Cha', 98, '1697260768_372080_duoc-nuoi-boi-me-duoc-day-boi-cha.jpg', 'OOPSY', 'Mỗi chúng ta, trước khi làm bố mẹ, đều vẫn luôn là một con người\r\n\r\nTuổi thơ một đi sẽ bao giờ quay trở lại, nhưng những gì đã trải qua vài thời thơ ấu không bao giờ biến mất. Nó hằn sâu vào trong chúng ta. Nếu đó la vết thương, nó dẽ trở thành sẹo, theo ta suốt cuộc đời\r\n\r\nCâu nói “ Sinh con rồi mới sinh cha” thật sự vô cùng hữu lý. Muốn thay đổi con trẻ, quan trọng nhất là thay đổi bậc làm cha mẹ. Mong rằng mỗi đứa trẻ sẽ được ảnh hưởng một nền giáo dục tốt. Mong sao mỗi bậc phục huynh đều cảm nhận được niềm vui trong quá trình giáo dục con, tạo nên một đứa trẻ biết yêu thương và biết cách trưởng thành.', '2022-12-21', 83, 'An Nhĩ Tử', '1452/QĐ-NXBTN ngày 14/06/2022', 'Tiếng Việt', '20 x 14 cm', '190', '350.00', 'Bìa mềm', NULL, NULL, 10, 8),
(32, 'Được Nuôi Bởi Mẹ, Được Dạy Bởi Cha', 98, '1697260769_372080_duoc-nuoi-boi-me-duoc-day-boi-cha.jpg', 'OOPSY', 'Mỗi chúng ta, trước khi làm bố mẹ, đều vẫn luôn là một con người\r\n\r\nTuổi thơ một đi sẽ bao giờ quay trở lại, nhưng những gì đã trải qua vài thời thơ ấu không bao giờ biến mất. Nó hằn sâu vào trong chúng ta. Nếu đó la vết thương, nó dẽ trở thành sẹo, theo ta suốt cuộc đời\r\n\r\nCâu nói “ Sinh con rồi mới sinh cha” thật sự vô cùng hữu lý. Muốn thay đổi con trẻ, quan trọng nhất là thay đổi bậc làm cha mẹ. Mong rằng mỗi đứa trẻ sẽ được ảnh hưởng một nền giáo dục tốt. Mong sao mỗi bậc phục huynh đều cảm nhận được niềm vui trong quá trình giáo dục con, tạo nên một đứa trẻ biết yêu thương và biết cách trưởng thành.', '2022-12-21', 83, 'An Nhĩ Tử', '1452/QĐ-NXBTN ngày 14/06/2022', 'Tiếng Việt', '20 x 14 cm', '190', '350.00', 'Bìa mềm', NULL, NULL, 10, 8),
(33, 'Người Mẹ Tốt Hơn Là Người Thầy Tốt - Tập 1', 159, '1697260978_371867_nguoi-me-tot-hon-la-nguoi-thay-tot-tap-1.jpg', 'Quảng Văn', 'Người Mẹ Tốt Hơn Là Người Thầy Tốt đã đặt ra vẫn đề muôn thuở với các vị phụ huynh, đó là giáo dục con cái. Là một trong số ít những cuốn sách được đánh giá cao về giáo dục gia đình, Người Mẹ Tốt Hơn Là Người Thầy Tốtt gồm bảy chương với các chủ đề khác nhau, theo trẻ trừ khi còn nhỏ cho đến lúc trưởng thành.\r\n\r\nNgười Mẹ Tốt Hơn Là Người Thầy Tốt đưa ra nhiều quan điểm mà các bậc cha mẹ phải lưu ý khi dạy trẻ bởi có thể đối với người lớn, đó là vấn đề rất nhỏ nhặt nhưng với con trẻ lại là chuyện lớn. Cuốn sách phân tích và nhận xét toàn diện quanh việc giáo dục con cái như điểm số, học hành, giải trí, khen, phạt, Những kinh nghiệm trong sách được tác giả đúc rút bằng chính trải nghiệm của bản thân mình qua việc dạy dỗ con cái.\r\n\r\nNgười Mẹ Tốt Hơn Là Người Thầy Tốt đánh giá rất cao vai trò của giáo dục gia đình trong việc định hình nhân cách những đứa trẻ. Và tất nhiên, không thể thiếu trong mọi phương pháp dạy trẻ, Người Mẹ Tốt Hơn Là Người Thầy Tốt có nền tảng bằng tình yêu thương của người mẹ dành cho con.\r\n\r\nCuốn sách Người Mẹ Tốt Hơn Là Người Thầy Tốt là một cuốn sổ tay về cách nuôi dạy con của nhà giáo, thạc sĩ Doãn Kiến Lợi. Chị đã tổng kết kinh nghiệm gần hai mươi năm nuôi dạy con, đồng thời kết hợp với một nền tảng lí thuyết vững chắc và kinh nghiệm thực tế có được trong quá trình trực tiếp dạy học cũng như tiếp xúc với khá nhiều trẻ em, từ đó đúc rút ra được những bài học quý báu trong cuốn sách này.\r\n\r\nNgười mẹ tốt hơn là người thầy tốt đề cập đến rất nhiều vấn đề lớn nhỏ trong quá trình nuôi dạy con cái, nhưng tựu chung lại có thể gói gọn thành hai vế: đó là nuôi dưỡng tâm hồn và trí tuệ của con trẻ. Tác giả không viết về những thứ quá vĩ mô và trừu tượng mà ngược lại, thạc sĩ Doãn Kiến Lợi nuôi dưỡng tâm hồn và trí tuệ của trẻ từ những điều đơn giản nhất, như chính tác giả đã viết “Với trẻ em không có chuyện nhỏ, mọi chuyện nhỏ đối với trẻ đều là chuyện lớn”.\r\n\r\nCuốn sách được trình bày dưới dạng những bài viết nhỏ, mỗi bài viết đề cập đến một vấn đề trong quá trình nuôi dạy con cái mà hầu hết các bậc phụ huynh đều gặp phải như làm thế nào để trẻ không sợ tiêm, trả lời thế nào khi trẻ hỏi em bé từ đâu đến, làm thế nào khi con trẻ nói dối, tạo lập những phẩm chất tính cách tốt đẹp cho con trẻ… đến những vấn đề trong học tập như dạy con biết chữ, làm toán, viết văn… Những bài viết này rất chân thực, gần gũi, dễ hiểu, không đi vào lối mòn sáo rỗng và nặng về lí thuyết, rất dễ dàng cho các bậc phụ huynh đọc và ứng dụng.\r\n\r\nNgoài ra, trong cuốn sách này, thạc sĩ Doãn Kiến Lợi cũng đề cập đến một số vấn đề bất cập trong hệ thống giáo dục Trung Quốc và các đối sách cần có của các bậc phụ huynh. Hệ thống giáo dục của Việt Nam có nhiều điểm tương đồng với hệ thống giáo dục của Trung Quốc, vì vậy bạn đọc cũng có thể tham khảo và tự tìm ra cho mình những cách giải quyết riêng.\r\n\r\nTác giả cuốn sách là một nhà giáo, một chuyên gia giáo dục có nhiều năm làm công tác giảng dạy, tư vấn và nghiên cứu giáo dục gia đình, nhưng trên hết chị còn là một người mẹ. Vì vậy, trong cuốn sách này, ngoài những quan niệm giáo dục độc đáo đầy trí tuệ, người đọc còn có thể bắt gặp tình yêu con sâu sắc ngập tràn trong từng trang viết của chị. Tác giả quan niệm: Các bậc phụ huynh cần đứng trên góc độ của con trẻ để nhìn nhận vấn đề, đừng bắt ép con trẻ sống theo lối sống mà người lớn áp đặt cho chúng. Bởi vì “trẻ em là một thế giới tồn tại độc lập hoàn mỹ, trong cơ thể bé nhỏ của chúng ẩn chứa sức sống mạnh mẽ vô biên, trong quá trình trưởng thành chúng có một tiềm lực biểu đạt tự mình nhào nặn, tự mình thành hình, giống như bên trong một hạt giống có ẩn chứa rễ, lá, hoa, trong điều kiện thích hợp tự nhiên sẽ phát triển\" (Trích “Người mẹ tốt hơn là người thầy tốt”). Đây thực sự là một quan niệm giáo dục độc đáo và đầy tiến bộ, rất đáng cho chúng ta nghiên cứu và học hỏi.\r\n\r\nCuốn sách phù hợp cho những người làm công tác giáo dục, quan tâm đến giáo dục và những người sắp làm cha, làm mẹ cũng như các bậc phụ huynh có con ở độ tuổi thiếu nhi đến độ tuổi mười bảy, mười tám', '2014-02-03', 135, 'Doãn Kiến Lợi', '474/QĐ-PNVN cấp 13/04/2021', 'Tiếng Việt', '16 x 24 cm', '582', '1500.00', 'Bìa cứng', NULL, NULL, 12, 8),
(34, 'Vô Cùng Tàn Nhẫn, Vô Cùng Yêu Thương - Tập 1 (Tái Bản 2021)', 189, '1697261191_372409_vo-cung-tan-nhan-vo-cung-yeu-thuong-tap-1-tai-ban-2021.jpg', 'Alpha books', 'Vô Cùng Tàn Nhẫn Vô Cùng Yêu Thương là cuốn sách nuôi dạy con của một bà mẹ Do Thái sinh ra và lớn lên ở Trung Quốc, đã giáo dục con của mình trở thành triệu phú.\r\n\r\n\"Vô Cùng Tàn Nhẫn Vô Cùng Yêu Thương\" là sự kết hợp phương pháp giáo dục con của Trung Quốc và Do Thái, dân tộc ẩn chứa nguồn sức mạnh tiềm ẩn khổng lồ. Sara Imas, tác giả cuốn sách, cho rằng: “Người nào nuông chiều con cái, ắt có ngày người đó phải băng bó vết thương cho con. Mềm mỏng là hại, tàn nhẫn là yêu!”. Bà mẹ Do Thái cũng ví von: “Cha mẹ Trung Quốc yêu thương con giống hình tử cung, còn các bậc cha mẹ Do Thái yêu thương con cái như hình đống lửa.”\r\n\r\n\"Vô Cùng Tàn Nhẫn Vô Cùng Yêu Thương\" là tác phẩm giáo dục xuất sắc, đã làm mưa làm gió tại thị trường Trung Đông và Châu Á, đặc biệt là Trung Quốc. Cha mẹ Do Thái giáo dục con kỹ năng để sinh tồn, kiếm tiền và quản lý tài sản từ nhỏ. Điều này không nhằm biến trẻ thành cái máy kiếm tiền hay \"thần giữ của\". Ngược lại, cha mẹ Do Thái coi \"giáo dục quản lý tài sản\" cũng là một cách \"giáo dục đạo đức\" hay \"giáo dục nhân cách\".\r\n\r\nVô Cùng Tàn Nhẫn Vô Cùng Yêu Thương là phương pháp dạy con biết mưu sinh, biết theo đuổi mục tiêu của mình, biết hưởng thụ cảm giác hạnh phúc và thỏa mãn sau khi đạt được mục tiêu thì cha mẹ cũng như con cái mới có thể trở thành người hạnh phúc và thành công trong cuộc sống. \"Vô Cùng Tàn Nhẫn Vô Cùng Yêu Thương\" là bí kíp giúp cha mẹ dạy trẻ hiểu được luân lý lao động, biết đầu tư và quản lý tài sản, chứ không đơn thuần là truyền bá tri thức và rèn luyện kỹ năng sinh tồn. Và ý nghĩa sâu xa của nó còn giúp trẻ con trang bị những hiểu biết cần thiết và giá trị đúng đắn của cuộc đời.\r\n\r\nBộ Vô Cùng Tàn Nhẫn, Vô Cùng Yêu Thương gồm 2 cuốn:\r\n\r\nVô Cùng Tàn Nhẫn, Vô Cùng Yêu Thương\r\n\r\nVô Cùng Tàn Nhẫn, Vô Cùng Yêu Thương 2', '2021-04-23', 161, 'Sara Imas', '-QĐ/NXB ThN', 'Tiếng Việt', '20.5 x 13 cm', '516', '450.00', 'Bìa mềm', NULL, NULL, 12, 8),
(35, 'Ehon - Mọt Sách Mogu - Xin Mời, Xin Mời', 47, '1697261344_368653_ehon-mot-sach-mogu-xin-moi-xin-moi.jpg', 'More Production Vietnam', 'Một cuốn tranh truyện với hình ảnh dễ thương và nội dung nhẹ nhàng, truyền tải thông điệp sẻ chia sâu sắc nằm trong nhóm BÉ TƯ DUY của Tủ sách Mogu\r\n\r\nTóm tắt\r\n\r\nVườn của bạn Chuột trông rất nhiều dâu tây vì thế bạn đã treo một tấm bảng thông báo mời mọi người tới lấy dâu tây. Thế là lần lượt có bạn Thỏ, bạn Cáo, bạn Gấu,…tới lấy dâu cho đến khi cả vườn dâu chỉ còn lại một quả dâu bé tí. Bạn chuột ngồi tiếc ngẩn ngơ vì đã mời mọi người tới lấy dâu tây thì tiếng gõ cửa chợt vang lên, có ai đến vậy nhỉ???\r\n\r\nĐối tượng độc giả\r\n\r\nĐọc cho bé: từ 1 tuổi trở lên\r\n\r\nBé tự đọc: từ 6 tuổi trở lên', '2023-12-02', 40, 'Masami Kosaka', '-QĐ/NXB HN', 'Tiếng Việt', '21 x 20 cm', '28', '250.00 gam', 'Bìa mềm', NULL, NULL, 10, 9),
(36, 'Ehon - Mọt Sách Mogu - Tìm Thấy Mùa Hè Rồi!', 47, '1697261380_368655_ehon-mot-sach-mogu-tim-thay-mua-he-roi.jpg', 'More Production Vietnam', 'Một cuốn tranh truyện với hình ảnh dễ thương và nội dung nhẹ nhàng, truyền tải thông điệp sẻ chia sâu sắc nằm trong nhóm BÉ TƯ DUY của Tủ sách Mogu\r\n\r\nTóm tắt\r\n\r\nVườn của bạn Chuột trông rất nhiều dâu tây vì thế bạn đã treo một tấm bảng thông báo mời mọi người tới lấy dâu tây. Thế là lần lượt có bạn Thỏ, bạn Cáo, bạn Gấu,…tới lấy dâu cho đến khi cả vườn dâu chỉ còn lại một quả dâu bé tí. Bạn chuột ngồi tiếc ngẩn ngơ vì đã mời mọi người tới lấy dâu tây thì tiếng gõ cửa chợt vang lên, có ai đến vậy nhỉ???\r\n\r\nĐối tượng độc giả\r\n\r\nĐọc cho bé: từ 1 tuổi trở lên\r\n\r\nBé tự đọc: từ 6 tuổi trở lên', '2023-12-02', 40, 'Masami Kosaka', '-QĐ/NXB HN', 'Tiếng Việt', '21 x 20 cm', '28', '250.00 gam', 'Bìa mềm', NULL, NULL, 10, 9),
(37, 'Ehon - Mọt Sách Mogu - Bạn Vòi Nước Rào Rào', 47, '1697261417_368657_ehon-mot-sach-mogu-ban-voi-nuoc-rao-rao.jpg', 'More Production Vietnam', 'Một cuốn tranh truyện với hình ảnh dễ thương và nội dung nhẹ nhàng, truyền tải thông điệp sẻ chia sâu sắc nằm trong nhóm BÉ TƯ DUY của Tủ sách Mogu\r\n\r\nTóm tắt\r\n\r\nVườn của bạn Chuột trông rất nhiều dâu tây vì thế bạn đã treo một tấm bảng thông báo mời mọi người tới lấy dâu tây. Thế là lần lượt có bạn Thỏ, bạn Cáo, bạn Gấu,…tới lấy dâu cho đến khi cả vườn dâu chỉ còn lại một quả dâu bé tí. Bạn chuột ngồi tiếc ngẩn ngơ vì đã mời mọi người tới lấy dâu tây thì tiếng gõ cửa chợt vang lên, có ai đến vậy nhỉ???\r\n\r\nĐối tượng độc giả\r\n\r\nĐọc cho bé: từ 1 tuổi trở lên\r\n\r\nBé tự đọc: từ 6 tuổi trở lên', '2023-12-02', 40, 'Masami Kosaka', '-QĐ/NXB HN', 'Tiếng Việt', '21 x 20 cm', '28', '250.00 gam', 'Bìa mềm', NULL, NULL, 10, 9),
(38, 'Ehon - Mọt Sách Mogu - Đợi Với, Taxi Ơi!!!', 47, '1697261541_368659_ehon-mot-sach-mogu-doi-voi-taxi-oi.jpg', 'More Production Vietnam', 'Một cuốn tranh truyện với hình ảnh dễ thương và nội dung nhẹ nhàng, truyền tải thông điệp sẻ chia sâu sắc nằm trong nhóm BÉ TƯ DUY của Tủ sách Mogu\r\n\r\nTóm tắt\r\n\r\nVườn của bạn Chuột trông rất nhiều dâu tây vì thế bạn đã treo một tấm bảng thông báo mời mọi người tới lấy dâu tây. Thế là lần lượt có bạn Thỏ, bạn Cáo, bạn Gấu,…tới lấy dâu cho đến khi cả vườn dâu chỉ còn lại một quả dâu bé tí. Bạn chuột ngồi tiếc ngẩn ngơ vì đã mời mọi người tới lấy dâu tây thì tiếng gõ cửa chợt vang lên, có ai đến vậy nhỉ???\r\n\r\nĐối tượng độc giả\r\n\r\nĐọc cho bé: từ 1 tuổi trở lên\r\n\r\nBé tự đọc: từ 6 tuổi trở lên', '2023-12-02', 40, 'Masami Kosaka', '-QĐ/NXB HN', 'Tiếng Việt', '21 x 20 cm', '28', '250.00 gam', 'Bìa mềm', NULL, NULL, 10, 9),
(39, 'Những Đòn Tâm Lý Trong Thuyết Phục (Tái Bản 2020)', 169, '1697261801_372037_nhung-don-tam-ly-trong-thuyet-phuc-tai-ban-2020.jpg', 'Alpha books', 'Tại sao một số người lại có sức thuyết phục đến mê hoặc và luôn là người làm chủ Trò chơi Thuyết phục? Đâu là những động lực vô hình đằng sau thứ sức mạnh thôi thúc chúng ta đồng thuận với người khác? Những thủ thuật được các bậc thầy thuyết phục sử dụng tài tình là gì, làm thế nào đánh bại các thủ thuật đó - đồng thời biến chúng thành \"vũ khí bí mật\" của chính bạn?\r\n\r\nVới Những đòn tâm lý trong thuyết phục, bạn sẽ có lời giải đáp cho tất cả những câu hỏi ấy. Trong Những đòn tâm lý trong thuyết phục, nhà tâm lý học nổi tiếng Robert B. Cialdini tiết lộ 6 \"vũ khí\" gây ảnh hưởng đầy uy lực: cam kết và nhất quán, khan hiếm, đáp trả, bằng chứng xã hội, uy quyền và thiện cảm. Mỗi loại lại bị chi phối bởi một nguyên tắc tâm lý cơ bản điều khiển hành vi con người và nhờ đó mà tạo nên sức mạnh cho mỗi thủ thuật. Đặc biệt khi được kết  hợp với nhau, chúng sẽ tạo ra ảnh hưởng vô cùng lớn.\r\n\r\nHãy sở hữu kho vũ khí đó và trở thành người làm chủ Trò chơi Thuyết phục. Bạn sẽ không bao giờ nói \"đồng ý\" nếu thật sự bạn muốn nói \"không\", và bạn sẽ không ngừng ngạc nhiên với khả năng gây ảnh hưởng lớn lên trong bạn từng ngày.', '2020-02-04', 143, 'Robert B.Cialdini', 'ko', 'Tiếng Việt', '15 x 23 cm', '360', '528', 'Bìa mềm', NULL, NULL, 14, 10),
(40, 'Bí Quyết Áp Dụng 7 Thói Quen Củạ Bạn Trẻ Thành Đạt (Khổ Nhỏ)', 108, '1697261991_372042_bi-quyet-ap-dung-7-thoi-quen-cua-ban-tre-thanh-dat-kho-nho.jpg', 'Trí Việt', 'Cuốn sách nhấn mạnh những gì chúng ta có được trong cuộc sống đều bắt nguồn từ những thói quen của chính mình. Ai cũng có những thói quen tốt và những thói quen xấu, và mỗi chúng ta phải rèn luyện những thói quen tốt và biết điều chỉnh, loại bỏ những thói quen xấu.Tuổi thiếu niên và trưởng thành là tuổi đẹp nhất và quan trọng nhất của đời người. Đây cũng là lứa tuổi mà các bạn trẻ bắt đầu khám phá cuộc sống với những ước mơ, khát vọng. Phía trước các bạn là những con đường bằng phẳng, êm ái; nhưng cũng có con đường quanh co, khúc khuỷu. Có con đường ngập tràn ánh sáng, cũng có con đường u ám, đầy cạm bẫy, nguy cơ. Nhưng làm cách nào để chọn được con đường đến đích thành công, hạnh phúc mà không lãng phí nhiều thời gian, công sức? Tất cả đều phụ thuộc vào tính cách và thói quen của các bạn. Có những thói quen đem đến sự thành công, hạnh phúc; nhưng cũng có những thói quen cản trở, phá hỏng sự phát triển của bạn.\r\n\r\nCuốn sách phân tích tác động lớn lao của 7 thói quen quan trọng nhất của những bạn trẻ cần có. Đó là: Có thái độ sống tích cực; Biết định hướng tương lai; Việc hôm nay không để ngày mai; Tư duy cùng thắng; Biết lắng nghe để thấu hiểu và để được thấu hiểu; Có tinh thần hợp tác; Biết rèn luyện và phát triển những kỹ năng. Đây là những thói quen để các bạn tự rèn luyện bản thân và xây dựng các mối quan hệ của mình. Các thói quen này bổ sung và hỗ trợ chặt chẽ cho nhau, tạo một mắt xích bền vững giúp các bạn chọn lựa được hướng đi đúng đắn cho cuộc đời mình.\r\n\r\nVới phong cách ngắn gọn, vui tươi, dí dỏm, dễ hiểu, nhiều hình ảnh minh họa sinh động và dễ thương, cuốn sách của Sean Covey đã được bạn đọc hoan nghênh và đón nhận nhiệt tình trên khắp thế giới.\r\n\r\nCuốn sách chính là chiếc la bàn, là kim chỉ nam giúp ta tránh được những thói quen tai hại nhằm xây dựng những thói quen tốt, hướng đến thành công. Đây không chỉ là một cuốn sách để đọc mà còn là một cẩm nang quý giá đưa bạn đến thành công, đạt được ước mơ của mình, xứng đáng với sự tin yêu của bạn bè, người thân, gia đình và xã hội.', '2023-03-02', 92, 'Sean Covey', 'ko', 'Tiếng Việt', '11 x 15.5 cm', '391', '400.00', 'Bìa mềm', NULL, NULL, 12, 10),
(41, 'Học Thế Nào Bây Giờ? – Chiến Lược Phát Triển Bản Thân Và Thành Công Trong Công Việc - Dành Cho Học Sinh Trung Học Cơ Sở', 139, '1697262139_365127_hoc-the-nao-bay-gio-chien-luoc-phat-trien-ban-than-va-thanh-cong-trong-cong.jpg', 'Cửu Đức', 'Làm thế nào để luyện trí nhớ và tập trung một cách tốt nhất?\r\n\r\nLàm thế nào để đạt kết quả cao trong các kỳ kiểm tra?\r\n\r\nBằng cách nào để làm bài tập một cách hiệu quả mà không bị stress?\r\n\r\nChúng ta cùng làm việc nhóm như thế nào?\r\n\r\nLàm sao để hứng khởi khi đến trường?\r\n\r\nNhững câu hỏi như thế thường được học sinh và phụ huynh đặt ra, cuốn sách này sẽ là lời giải đáp\r\n\r\nThông qua 40 chủ đề thực hành, dành cho học sinh từ lớp 6 cho đến lớp 9, các em sẽ biết:\r\n\r\n• Xác định và khai thác điểm mạnh của mình;\r\n\r\n• Nhận diện điểm yếu và sai sót để sửa chữa;\r\n\r\n• Mở rộng mối quan hệ với mọi người;\r\n\r\n• Cảm nhận sảng khoái, khỏe mạnh trong cơ thể và tinh thần!\r\n\r\nKhi giúp trẻ học và tự tổ chức tốt việc học, nghĩa là cha mẹ đã tạo thuận lợi cho sự tự chủ của trẻ. Sự ham học của trẻ sẽ đi theo các em suốt những năm tháng cuộc đời.', '2021-02-03', 111, 'André Giordan', 'ko', 'Tiếng Việt', '16 x 21 cm', '199', '450.00', 'Bìa mềm', NULL, NULL, 10, 10),
(42, 'Tạp chí Forbes - Số 115 (Tháng 3/2023)', 95, '1697263367_369785_forbes-viet-nam-so-105-thang-52022.jpg', 'Forbes Vietnam', 'Điểm Chạm Khách Hàng\r\n\r\nĐể trả lời cho câu hỏi sau đại dịch COVID-19 chân dung của người tiêu dùng đã thay đổi như thế nào, NielsenIQ đã tiến hành nhiều khảo sát với những nhóm khách hàng khác nhau. Kết quả cho thấy hành vi khách hàng đã có sự thay đổi đáng kể so với trước khi dịch bệnh bùng phát. Chân dung mới của khách hàng được phác thảo: Họ cân nhắc kỹ lưỡng về yếu tố thương hiệu sản phẩm song song với yếu tố sức khỏe và bền vững. Do tâm lý bất an về vấn đề tài chính, người tiêu dùng quan tâm so sánh công năng của sản phẩm với số tiền bỏ ra để sở hữu. Giai đoạn đại dịch khiến nhiều khách hàng lần đầu tiên đã có những trải nghiệm mua sắm online nên có sự cân nhắc giữa kênh mua sắm trực tuyến và tới cửa hàng vật lý.\r\n\r\nMột trong những lĩnh vực thay đổi mạnh mẽ trong ba năm qua dưới tác động của đại dịch là lĩnh vực bán lẻ. Sự thay đổi này đến từ nhiều yếu tố: người tiêu dùng giao tiếp trên không gian số nhiều hơn nên các phương thức quảng bá và giới thiệu sản phẩm cũng buộc phải thay đổi cách tiếp cận; chuỗi logistics cung ứng sản phẩm giảm sự phụ thuộc vào phương thức truyền thống; thanh toán không dùng tiền mặt lên ngôi kéo theo sự thay đổi của hình thức thanh toán trong mua sắm. Một câu hỏi lớn đặt ra với các doanh nghiệp bán lẻ hiện nay là họ đã đủ thấu hiểu những thay đổi của khách hàng hay chưa để có thể chạm tới nhu cầu khách hàng?\r\n\r\nNối tiếp việc ghi nhận những thay đổi sau đại dịch trong lĩnh vực logistics, y tế, tài chính… Chuyên đề tháng 3.2023 của Forbes Việt Nam ghi nhận những chuyển động và thay đổi trong ngành bán lẻ hiện đại. Qua những câu chuyện lần đầu tiên được kể độc giả có thể hình dung ra bức tranh chung: Openasia Group - nhà phân phối sản phẩm xa xỉ đang tự làm mới mình sau 30 năm hoạt động; Central Retail Việt Nam, một thế lực trong lĩnh vực bán lẻ hiện đại, sau mười năm hoạt động ở Việt Nam muốn mở rộng tầm ảnh hưởng; Decathlon - nhà sản xuất đồ thể thao lớn nhất thế giới đi vào thị trường bán lẻ nội địa theo một cách riêng… Bên cạnh những doanh nghiệp lớn, nhiều cái tên hứa hẹn cũng được “giải mã” trong chuyên đề này như Katinat hay KiotViet.\r\n\r\nỞ Việt Nam, tầng lớp trung lưu đã gia tăng đáng kể những năm qua. Tập khách hàng năng động trẻ trung này với khả năng tài chính có thể mạnh tay mua sắm, họ am hiểu không gian số và ngày càng ưa thích trải nghiệm các dịch vụ được cá nhân hóa. Phần thưởng của thị trường giai đoạn tới dành cho các nhà bán lẻ xuất sắc, các công ty cung cấp trải nghiệm khách hàng tốt nhất và tạo ra được điểm chạm tới cảm xúc khách hàng.', '2022-04-04', 90, 'Nhiều tác giả', '-QĐ/NXB HN', 'Tiếng Việt', '20.5 x 27 cm', '112', '400.00', 'Bìa mềm', NULL, NULL, 9, 11),
(43, 'Tạp chí Forbes - Số 115 (Tháng 3/2023)', 95, '1697263640_369354_forbes-viet-nam-so-104-thang-42022.jpg', 'Forbes Vietnam', 'Điểm Chạm Khách Hàng\r\n\r\nĐể trả lời cho câu hỏi sau đại dịch COVID-19 chân dung của người tiêu dùng đã thay đổi như thế nào, NielsenIQ đã tiến hành nhiều khảo sát với những nhóm khách hàng khác nhau. Kết quả cho thấy hành vi khách hàng đã có sự thay đổi đáng kể so với trước khi dịch bệnh bùng phát. Chân dung mới của khách hàng được phác thảo: Họ cân nhắc kỹ lưỡng về yếu tố thương hiệu sản phẩm song song với yếu tố sức khỏe và bền vững. Do tâm lý bất an về vấn đề tài chính, người tiêu dùng quan tâm so sánh công năng của sản phẩm với số tiền bỏ ra để sở hữu. Giai đoạn đại dịch khiến nhiều khách hàng lần đầu tiên đã có những trải nghiệm mua sắm online nên có sự cân nhắc giữa kênh mua sắm trực tuyến và tới cửa hàng vật lý.\r\n\r\nMột trong những lĩnh vực thay đổi mạnh mẽ trong ba năm qua dưới tác động của đại dịch là lĩnh vực bán lẻ. Sự thay đổi này đến từ nhiều yếu tố: người tiêu dùng giao tiếp trên không gian số nhiều hơn nên các phương thức quảng bá và giới thiệu sản phẩm cũng buộc phải thay đổi cách tiếp cận; chuỗi logistics cung ứng sản phẩm giảm sự phụ thuộc vào phương thức truyền thống; thanh toán không dùng tiền mặt lên ngôi kéo theo sự thay đổi của hình thức thanh toán trong mua sắm. Một câu hỏi lớn đặt ra với các doanh nghiệp bán lẻ hiện nay là họ đã đủ thấu hiểu những thay đổi của khách hàng hay chưa để có thể chạm tới nhu cầu khách hàng?\r\n\r\nNối tiếp việc ghi nhận những thay đổi sau đại dịch trong lĩnh vực logistics, y tế, tài chính… Chuyên đề tháng 3.2023 của Forbes Việt Nam ghi nhận những chuyển động và thay đổi trong ngành bán lẻ hiện đại. Qua những câu chuyện lần đầu tiên được kể độc giả có thể hình dung ra bức tranh chung: Openasia Group - nhà phân phối sản phẩm xa xỉ đang tự làm mới mình sau 30 năm hoạt động; Central Retail Việt Nam, một thế lực trong lĩnh vực bán lẻ hiện đại, sau mười năm hoạt động ở Việt Nam muốn mở rộng tầm ảnh hưởng; Decathlon - nhà sản xuất đồ thể thao lớn nhất thế giới đi vào thị trường bán lẻ nội địa theo một cách riêng… Bên cạnh những doanh nghiệp lớn, nhiều cái tên hứa hẹn cũng được “giải mã” trong chuyên đề này như Katinat hay KiotViet.\r\n\r\nỞ Việt Nam, tầng lớp trung lưu đã gia tăng đáng kể những năm qua. Tập khách hàng năng động trẻ trung này với khả năng tài chính có thể mạnh tay mua sắm, họ am hiểu không gian số và ngày càng ưa thích trải nghiệm các dịch vụ được cá nhân hóa. Phần thưởng của thị trường giai đoạn tới dành cho các nhà bán lẻ xuất sắc, các công ty cung cấp trải nghiệm khách hàng tốt nhất và tạo ra được điểm chạm tới cảm xúc khách hàng.', '2022-04-04', 90, 'Nhiều tác giả', '-QĐ/NXB HN', 'Tiếng Việt', '20.5 x 27 cm', '112', '400.00', 'Bìa mềm', NULL, NULL, 9, 11);
INSERT INTO `sach` (`id`, `ten`, `gia`, `hinhanh`, `nhaphathanh`, `mota`, `date`, `giakhuyenmai`, `tacgia`, `giayphep`, `ngonngu`, `kichthuoc`, `sotrang`, `khoiluong`, `dinhdang`, `created_at`, `updated_at`, `idnhaxb`, `id_theloai`) VALUES
(44, 'Tạp chí Forbes - Số 115 (Tháng 3/2023)', 95, '1697263657_370561_tap-chi-forbes-so-107-thang-72022.jpg', 'Forbes Vietnam', 'Điểm Chạm Khách Hàng\r\n\r\nĐể trả lời cho câu hỏi sau đại dịch COVID-19 chân dung của người tiêu dùng đã thay đổi như thế nào, NielsenIQ đã tiến hành nhiều khảo sát với những nhóm khách hàng khác nhau. Kết quả cho thấy hành vi khách hàng đã có sự thay đổi đáng kể so với trước khi dịch bệnh bùng phát. Chân dung mới của khách hàng được phác thảo: Họ cân nhắc kỹ lưỡng về yếu tố thương hiệu sản phẩm song song với yếu tố sức khỏe và bền vững. Do tâm lý bất an về vấn đề tài chính, người tiêu dùng quan tâm so sánh công năng của sản phẩm với số tiền bỏ ra để sở hữu. Giai đoạn đại dịch khiến nhiều khách hàng lần đầu tiên đã có những trải nghiệm mua sắm online nên có sự cân nhắc giữa kênh mua sắm trực tuyến và tới cửa hàng vật lý.\r\n\r\nMột trong những lĩnh vực thay đổi mạnh mẽ trong ba năm qua dưới tác động của đại dịch là lĩnh vực bán lẻ. Sự thay đổi này đến từ nhiều yếu tố: người tiêu dùng giao tiếp trên không gian số nhiều hơn nên các phương thức quảng bá và giới thiệu sản phẩm cũng buộc phải thay đổi cách tiếp cận; chuỗi logistics cung ứng sản phẩm giảm sự phụ thuộc vào phương thức truyền thống; thanh toán không dùng tiền mặt lên ngôi kéo theo sự thay đổi của hình thức thanh toán trong mua sắm. Một câu hỏi lớn đặt ra với các doanh nghiệp bán lẻ hiện nay là họ đã đủ thấu hiểu những thay đổi của khách hàng hay chưa để có thể chạm tới nhu cầu khách hàng?\r\n\r\nNối tiếp việc ghi nhận những thay đổi sau đại dịch trong lĩnh vực logistics, y tế, tài chính… Chuyên đề tháng 3.2023 của Forbes Việt Nam ghi nhận những chuyển động và thay đổi trong ngành bán lẻ hiện đại. Qua những câu chuyện lần đầu tiên được kể độc giả có thể hình dung ra bức tranh chung: Openasia Group - nhà phân phối sản phẩm xa xỉ đang tự làm mới mình sau 30 năm hoạt động; Central Retail Việt Nam, một thế lực trong lĩnh vực bán lẻ hiện đại, sau mười năm hoạt động ở Việt Nam muốn mở rộng tầm ảnh hưởng; Decathlon - nhà sản xuất đồ thể thao lớn nhất thế giới đi vào thị trường bán lẻ nội địa theo một cách riêng… Bên cạnh những doanh nghiệp lớn, nhiều cái tên hứa hẹn cũng được “giải mã” trong chuyên đề này như Katinat hay KiotViet.\r\n\r\nỞ Việt Nam, tầng lớp trung lưu đã gia tăng đáng kể những năm qua. Tập khách hàng năng động trẻ trung này với khả năng tài chính có thể mạnh tay mua sắm, họ am hiểu không gian số và ngày càng ưa thích trải nghiệm các dịch vụ được cá nhân hóa. Phần thưởng của thị trường giai đoạn tới dành cho các nhà bán lẻ xuất sắc, các công ty cung cấp trải nghiệm khách hàng tốt nhất và tạo ra được điểm chạm tới cảm xúc khách hàng.', '2022-04-04', 90, 'Nhiều tác giả', '-QĐ/NXB HN', 'Tiếng Việt', '20.5 x 27 cm', '112', '400.00', 'Bìa mềm', NULL, NULL, 9, 11);

-- --------------------------------------------------------

--
-- Cấu trúc bảng cho bảng `theloai`
--

CREATE TABLE `theloai` (
  `id` bigint(20) UNSIGNED NOT NULL,
  `theloai` varchar(255) NOT NULL
) ENGINE=InnoDB DEFAULT CHARSET=utf8mb4 COLLATE=utf8mb4_unicode_ci;

--
-- Đang đổ dữ liệu cho bảng `theloai`
--

INSERT INTO `theloai` (`id`, `theloai`) VALUES
(4, 'Bán chạy'),
(5, 'Văn học'),
(6, 'Kinh tế'),
(7, 'Tạp chí'),
(8, 'Nuôi dạy trẻ'),
(9, 'Thiếu nhi'),
(10, 'Kỹ năng'),
(11, 'Trong tuần');

-- --------------------------------------------------------

--
-- Cấu trúc bảng cho bảng `users`
--

CREATE TABLE `users` (
  `id` bigint(20) UNSIGNED NOT NULL,
  `fullname` varchar(50) NOT NULL,
  `email` varchar(191) NOT NULL,
  `password` varchar(191) NOT NULL,
  `dateofbirth` date DEFAULT NULL,
  `sex` enum('nam','nữ') DEFAULT NULL,
  `remember_token` varchar(100) DEFAULT NULL,
  `created_at` timestamp NULL DEFAULT NULL,
  `updated_at` timestamp NULL DEFAULT NULL
) ENGINE=InnoDB DEFAULT CHARSET=utf8mb4 COLLATE=utf8mb4_unicode_ci;

--
-- Đang đổ dữ liệu cho bảng `users`
--

INSERT INTO `users` (`id`, `fullname`, `email`, `password`, `dateofbirth`, `sex`, `remember_token`, `created_at`, `updated_at`) VALUES
(1, 'akavietran', 'ad@gmail.com', '$2y$10$x/uWBI1S7w.qByyzehWglefsm92TJmK9AhENmw.05rnIuF1VPteY2', NULL, NULL, NULL, NULL, NULL),
(2, 'tran quoc viet', '1@gmailc.om', '$2y$10$MiG2yz/l66ThvZQ9NcMtTO8fxoT/9PdEqMFWKScS37Pasdvtfml2.', '2023-09-28', 'nam', NULL, '2023-10-13 02:34:09', '2023-10-13 02:34:09'),
(3, 'tran quoc viet', 'vietyasuo567@gmail.com', '$2y$10$B1ek0Os3Mh.ucZrO.SFzdecbBKCKXhOkZ5lr8RcVrXUUEcnoG0QpO', '2023-10-19', 'nữ', NULL, '2023-10-13 02:57:58', '2023-10-13 02:57:58'),
(4, 'tran quoc viet', 'vietyasuo5673@gmail.com', '$2y$10$SCIoAnS.qqdpMmG1vYPB5uKNR8koVQFmpY/wy7ZHTEH8e5C9.Y3lC', '2023-10-25', 'nam', NULL, '2023-10-13 07:19:48', '2023-10-13 07:19:48'),
(5, 'tran quoc viet', 'vietyasuo567333@gmail.com', '$2y$10$4luQA3eW4xDVcFxoqjAyK.hCt70R03aPciVUnam21mJPk/gTktYNi', '2023-10-26', 'nam', NULL, '2023-10-13 07:55:09', '2023-10-13 07:55:09'),
(6, 'tran quoc viet', 'ad@gmail.com22', '$2y$10$n.OGoIt2THlolk4IJmTo2uGS.EPXG.c0uixr30lweYlBxcDWMkI6K', '2023-10-26', 'nam', NULL, '2023-10-13 08:01:20', '2023-10-13 08:01:20'),
(7, 'Trần Quốc Việt', 'vietyasuo56733@gmail.com', '$2y$10$sma5u.r9D34e.otxSmM5j.3GxGXR1QD7ANUuS4Y1Y7Cf39hpQ9Efy', '2023-10-19', 'nam', NULL, '2023-10-13 08:01:31', '2023-10-13 08:01:31'),
(8, 'tran quoc viet', 'vietyasuo56733322@gmail.com', '$2y$10$knSaO4LpqJuh2naoL5ZSS.JY.F/z.bOkIWNibtv/Jqwm0QiwEf6P6', '2023-10-26', 'nữ', NULL, '2023-10-13 08:07:20', '2023-10-13 08:07:20'),
(9, 'Dương Đức Quang', 'a@gmail.com', '$2y$10$YNtQY.LcVXnkRHDFhZOzWO3n3WenKf4xiZGQAcRT5PY5GTSMDeyre', '3123-02-03', 'nam', NULL, '2023-10-14 00:31:18', '2023-10-14 00:31:18'),
(10, 'quang', 'a44444@gmail.com', '$2y$10$1iNq9PfpwceAfR8FsfbFTO9r3CgSrwM9YfdYIOJh/kCN03OecCpMC', '2023-10-17', 'nam', NULL, '2023-10-14 20:35:09', '2023-10-14 20:35:09');

--
-- Chỉ mục cho các bảng đã đổ
--

--
-- Chỉ mục cho bảng `admins`
--
ALTER TABLE `admins`
  ADD PRIMARY KEY (`id`),
  ADD UNIQUE KEY `admins_email_unique` (`email`);

--
-- Chỉ mục cho bảng `chitiethoadon`
--
ALTER TABLE `chitiethoadon`
  ADD PRIMARY KEY (`id_chitiethoadon`),
  ADD KEY `chitiethoadon_id_hoadon_foreign` (`id_hoadon`),
  ADD KEY `chitiethoadon_id_sach_foreign` (`id_sach`);

--
-- Chỉ mục cho bảng `failed_jobs`
--
ALTER TABLE `failed_jobs`
  ADD PRIMARY KEY (`id`),
  ADD UNIQUE KEY `failed_jobs_uuid_unique` (`uuid`);

--
-- Chỉ mục cho bảng `hoadon`
--
ALTER TABLE `hoadon`
  ADD PRIMARY KEY (`id_hoadon`);

--
-- Chỉ mục cho bảng `migrations`
--
ALTER TABLE `migrations`
  ADD PRIMARY KEY (`id`);

--
-- Chỉ mục cho bảng `nhaxb`
--
ALTER TABLE `nhaxb`
  ADD PRIMARY KEY (`id`);

--
-- Chỉ mục cho bảng `password_reset_tokens`
--
ALTER TABLE `password_reset_tokens`
  ADD PRIMARY KEY (`email`);

--
-- Chỉ mục cho bảng `personal_access_tokens`
--
ALTER TABLE `personal_access_tokens`
  ADD PRIMARY KEY (`id`),
  ADD UNIQUE KEY `personal_access_tokens_token_unique` (`token`),
  ADD KEY `personal_access_tokens_tokenable_type_tokenable_id_index` (`tokenable_type`,`tokenable_id`);

--
-- Chỉ mục cho bảng `sach`
--
ALTER TABLE `sach`
  ADD PRIMARY KEY (`id`),
  ADD KEY `sach_idnhaxb_foreign` (`idnhaxb`),
  ADD KEY `sach_id_theloai_foreign` (`id_theloai`);

--
-- Chỉ mục cho bảng `theloai`
--
ALTER TABLE `theloai`
  ADD PRIMARY KEY (`id`);

--
-- Chỉ mục cho bảng `users`
--
ALTER TABLE `users`
  ADD PRIMARY KEY (`id`),
  ADD UNIQUE KEY `users_email_unique` (`email`);

--
-- AUTO_INCREMENT cho các bảng đã đổ
--

--
-- AUTO_INCREMENT cho bảng `admins`
--
ALTER TABLE `admins`
  MODIFY `id` bigint(20) UNSIGNED NOT NULL AUTO_INCREMENT, AUTO_INCREMENT=3;

--
-- AUTO_INCREMENT cho bảng `chitiethoadon`
--
ALTER TABLE `chitiethoadon`
  MODIFY `id_chitiethoadon` bigint(20) UNSIGNED NOT NULL AUTO_INCREMENT, AUTO_INCREMENT=20;

--
-- AUTO_INCREMENT cho bảng `failed_jobs`
--
ALTER TABLE `failed_jobs`
  MODIFY `id` bigint(20) UNSIGNED NOT NULL AUTO_INCREMENT;

--
-- AUTO_INCREMENT cho bảng `hoadon`
--
ALTER TABLE `hoadon`
  MODIFY `id_hoadon` bigint(20) UNSIGNED NOT NULL AUTO_INCREMENT, AUTO_INCREMENT=67;

--
-- AUTO_INCREMENT cho bảng `migrations`
--
ALTER TABLE `migrations`
  MODIFY `id` int(10) UNSIGNED NOT NULL AUTO_INCREMENT, AUTO_INCREMENT=23;

--
-- AUTO_INCREMENT cho bảng `nhaxb`
--
ALTER TABLE `nhaxb`
  MODIFY `id` bigint(20) UNSIGNED NOT NULL AUTO_INCREMENT, AUTO_INCREMENT=16;

--
-- AUTO_INCREMENT cho bảng `personal_access_tokens`
--
ALTER TABLE `personal_access_tokens`
  MODIFY `id` bigint(20) UNSIGNED NOT NULL AUTO_INCREMENT;

--
-- AUTO_INCREMENT cho bảng `sach`
--
ALTER TABLE `sach`
  MODIFY `id` bigint(20) UNSIGNED NOT NULL AUTO_INCREMENT, AUTO_INCREMENT=45;

--
-- AUTO_INCREMENT cho bảng `theloai`
--
ALTER TABLE `theloai`
  MODIFY `id` bigint(20) UNSIGNED NOT NULL AUTO_INCREMENT, AUTO_INCREMENT=12;

--
-- AUTO_INCREMENT cho bảng `users`
--
ALTER TABLE `users`
  MODIFY `id` bigint(20) UNSIGNED NOT NULL AUTO_INCREMENT, AUTO_INCREMENT=11;

--
-- Các ràng buộc cho các bảng đã đổ
--

--
-- Các ràng buộc cho bảng `chitiethoadon`
--
ALTER TABLE `chitiethoadon`
  ADD CONSTRAINT `chitiethoadon_id_hoadon_foreign` FOREIGN KEY (`id_hoadon`) REFERENCES `hoadon` (`id_hoadon`),
  ADD CONSTRAINT `chitiethoadon_id_sach_foreign` FOREIGN KEY (`id_sach`) REFERENCES `sach` (`id`);

--
-- Các ràng buộc cho bảng `sach`
--
ALTER TABLE `sach`
  ADD CONSTRAINT `sach_id_theloai_foreign` FOREIGN KEY (`id_theloai`) REFERENCES `theloai` (`id`),
  ADD CONSTRAINT `sach_idnhaxb_foreign` FOREIGN KEY (`idnhaxb`) REFERENCES `nhaxb` (`id`);
COMMIT;

/*!40101 SET CHARACTER_SET_CLIENT=@OLD_CHARACTER_SET_CLIENT */;
/*!40101 SET CHARACTER_SET_RESULTS=@OLD_CHARACTER_SET_RESULTS */;
/*!40101 SET COLLATION_CONNECTION=@OLD_COLLATION_CONNECTION */;
